/*
Navicat MySQL Data Transfer

Source Server         : localhost
Source Server Version : 50720
Source Host           : 127.0.0.1:3306
Source Database       : bysj

Target Server Type    : MYSQL
Target Server Version : 50720
File Encoding         : 65001

Date: 2018-05-12 12:00:20
*/

SET FOREIGN_KEY_CHECKS=0;

-- ----------------------------
-- Table structure for adjustment
-- ----------------------------
DROP TABLE IF EXISTS `adjustment`;
CREATE TABLE `adjustment` (
  `id` bigint(11) NOT NULL AUTO_INCREMENT,
  `emp_id` bigint(11) DEFAULT NULL COMMENT '员工ID',
  `origin` bigint(20) DEFAULT NULL COMMENT '原部门',
  `arrive` bigint(20) DEFAULT NULL COMMENT '转到部门',
  `comment` varchar(500) DEFAULT NULL COMMENT '备注',
  `create_time` datetime DEFAULT NULL,
  `create_user` varchar(30) DEFAULT NULL,
  `update_time` datetime DEFAULT NULL,
  `update_user` varchar(30) DEFAULT NULL,
  PRIMARY KEY (`id`) USING BTREE
) ENGINE=InnoDB DEFAULT CHARSET=utf8 ROW_FORMAT=DYNAMIC COMMENT='岗位调度表';

-- ----------------------------
-- Records of adjustment
-- ----------------------------

-- ----------------------------
-- Table structure for adjustment_apply
-- ----------------------------
DROP TABLE IF EXISTS `adjustment_apply`;
CREATE TABLE `adjustment_apply` (
  `id` bigint(20) NOT NULL AUTO_INCREMENT,
  `emp_id` bigint(20) DEFAULT NULL COMMENT '员工ID',
  `post` varchar(50) DEFAULT NULL,
  `apply_time` datetime DEFAULT NULL COMMENT '申请时间',
  `text` varchar(500) DEFAULT NULL COMMENT '申请原因',
  `origin` bigint(20) DEFAULT NULL COMMENT '源部门ID',
  `arrive` bigint(20) DEFAULT NULL COMMENT '到达部门ID',
  `status` char(2) DEFAULT NULL COMMENT '申请状态',
  `origin_deal_time` datetime DEFAULT NULL COMMENT '原部门主管处理时间',
  `origin_approve` bigint(20) DEFAULT NULL COMMENT '原部门审批人',
  `origin_comment` varchar(200) DEFAULT NULL COMMENT '原部门备注',
  `arrive_deal_time` datetime DEFAULT NULL COMMENT '到达部门审批时间',
  `arrive_approve` bigint(20) DEFAULT NULL COMMENT '到达部门审批人',
  `arrive_comment` varchar(200) DEFAULT NULL COMMENT '到达部门备注',
  `create_time` datetime DEFAULT NULL,
  `create_user` varchar(30) DEFAULT NULL,
  `update_time` datetime DEFAULT NULL,
  `update_user` varchar(30) DEFAULT NULL,
  PRIMARY KEY (`id`) USING BTREE
) ENGINE=InnoDB AUTO_INCREMENT=14 DEFAULT CHARSET=utf8 ROW_FORMAT=DYNAMIC COMMENT='岗位调整申请表';

-- ----------------------------
-- Records of adjustment_apply
-- ----------------------------
INSERT INTO `adjustment_apply` VALUES ('4', '3', '普通职员', '2018-04-28 22:17:52', '这个人嘴皮子好，去干销售', '12', '11', '3', null, null, '哈哈，这人我要了', '2018-05-02 13:26:08', '11', '来来来，都是我的', '2018-04-28 22:17:52', '王宏', '2018-05-02 13:26:08', '王立');
INSERT INTO `adjustment_apply` VALUES ('5', '3', '普通职员', '2018-05-02 13:40:41', '这人有问题，你还是拿走吧', '11', '12', '3', '2018-05-02 13:40:41', '11', '拜拜', '2018-05-02 13:41:22', '12', '还是回来吧', '2018-05-02 13:40:41', '王立', '2018-05-02 13:41:22', '王宏');
INSERT INTO `adjustment_apply` VALUES ('6', '33', '普通职员', '2018-05-02 13:43:38', '这人拿去，不谢', '12', '11', '4', '2018-05-02 13:43:38', '12', '哈哈', '2018-05-02 13:44:03', '11', '不要', '2018-05-02 13:43:38', '王宏', '2018-05-02 13:44:03', '王立');
INSERT INTO `adjustment_apply` VALUES ('7', '15', '普通职员', '2018-05-06 14:21:10', '此人适合进行采购工作', '12', '13', '3', '2018-05-06 14:21:10', '12', '2018-5-6 转出', '2018-05-10 13:51:13', '23', '通过', '2018-05-06 14:21:10', '王宏', '2018-05-10 13:51:13', '胡宇');
INSERT INTO `adjustment_apply` VALUES ('8', '1', '普通职员', '2018-05-07 12:33:34', '驱蚊器翁额', '12', '13', '0', '2018-05-07 12:33:34', '12', '阿斯顿发文', null, null, null, '2018-05-07 12:33:34', '王宏', '2018-05-07 12:33:34', '王宏');
INSERT INTO `adjustment_apply` VALUES ('9', '14', '普通职员', '2018-05-10 14:09:04', '这人适合管理财务', '12', '26', '3', '2018-05-10 14:09:04', '23', '员工调度', '2018-05-10 14:10:19', '23', '可以，同意调度', '2018-05-10 14:09:04', '胡宇', '2018-05-10 14:10:19', '胡宇');
INSERT INTO `adjustment_apply` VALUES ('10', '33', '助理', '2018-05-12 00:28:09', '此人适合后勤', '12', '24', '3', '2018-05-12 00:28:09', '23', '岗位调度', '2018-05-12 00:40:15', '23', '通过', '2018-05-12 00:28:09', '胡宇', '2018-05-12 00:40:15', '胡宇');
INSERT INTO `adjustment_apply` VALUES ('11', '31', '助理', '2018-05-12 00:52:42', '此人不错', '12', '24', '3', '2018-05-12 00:52:42', '23', '岗位调度', '2018-05-12 00:54:38', '23', '同意', '2018-05-12 00:52:42', '胡宇', '2018-05-12 00:54:38', '胡宇');
INSERT INTO `adjustment_apply` VALUES ('12', '21', '助理', '2018-05-12 10:29:45', '此人升职', '12', '26', '0', '2018-05-12 10:29:45', '23', '岗位调度', null, null, null, '2018-05-12 10:29:45', '胡宇', '2018-05-12 10:29:45', '胡宇');
INSERT INTO `adjustment_apply` VALUES ('13', '39', '助理', '2018-05-12 11:06:27', '升职了', '20', '19', '0', '2018-05-12 11:06:27', '23', '岗位调度', null, null, null, '2018-05-12 11:06:27', '胡宇', '2018-05-12 11:06:27', '胡宇');

-- ----------------------------
-- Table structure for attendance
-- ----------------------------
DROP TABLE IF EXISTS `attendance`;
CREATE TABLE `attendance` (
  `id` bigint(11) NOT NULL AUTO_INCREMENT,
  `emp_id` bigint(11) DEFAULT NULL COMMENT '员工ID',
  `start_time` datetime DEFAULT NULL COMMENT '上班时间',
  `end_time` datetime DEFAULT NULL COMMENT '下班时间',
  `hour` double(11,0) DEFAULT NULL COMMENT '工作时间',
  `last` char(1) DEFAULT NULL COMMENT '是否迟到',
  `create_time` datetime DEFAULT NULL,
  `create_user` varchar(30) DEFAULT NULL,
  `update_time` datetime DEFAULT NULL,
  `update_user` varchar(30) DEFAULT NULL,
  PRIMARY KEY (`id`) USING BTREE
) ENGINE=InnoDB AUTO_INCREMENT=2125 DEFAULT CHARSET=utf8 ROW_FORMAT=DYNAMIC COMMENT='考勤表';

-- ----------------------------
-- Records of attendance
-- ----------------------------
INSERT INTO `attendance` VALUES ('1024', '1', '2018-04-01 08:00:00', '2018-04-01 17:00:00', '9', '0', '2018-04-01 00:00:00', 'api', '2018-04-01 08:00:00', 'api');
INSERT INTO `attendance` VALUES ('1025', '1', '2018-04-02 09:00:00', '2018-04-02 16:00:00', '7', '1', '2018-04-02 00:00:00', 'api', '2018-04-02 09:00:00', 'api');
INSERT INTO `attendance` VALUES ('1026', '1', '2018-04-03 09:00:00', '2018-04-03 17:00:00', '8', '1', '2018-04-03 00:00:00', 'api', '2018-04-03 09:00:00', 'api');
INSERT INTO `attendance` VALUES ('1027', '1', '2018-04-04 09:00:00', '2018-04-04 16:00:00', '7', '1', '2018-04-04 00:00:00', 'api', '2018-04-04 09:00:00', 'api');
INSERT INTO `attendance` VALUES ('1028', '1', '2018-04-05 09:00:00', '2018-04-05 17:00:00', '8', '1', '2018-04-05 00:00:00', 'api', '2018-04-05 09:00:00', 'api');
INSERT INTO `attendance` VALUES ('1029', '1', '2018-04-06 09:00:00', '2018-04-06 16:00:00', '7', '1', '2018-04-06 00:00:00', 'api', '2018-04-06 09:00:00', 'api');
INSERT INTO `attendance` VALUES ('1030', '1', '2018-04-07 09:00:00', '2018-04-07 17:00:00', '8', '1', '2018-04-07 00:00:00', 'api', '2018-04-07 09:00:00', 'api');
INSERT INTO `attendance` VALUES ('1031', '1', '2018-04-08 08:00:00', '2018-04-08 16:00:00', '8', '0', '2018-04-08 00:00:00', 'api', '2018-04-08 08:00:00', 'api');
INSERT INTO `attendance` VALUES ('1032', '1', '2018-04-09 09:00:00', '2018-04-09 17:00:00', '8', '1', '2018-04-09 00:00:00', 'api', '2018-04-09 09:00:00', 'api');
INSERT INTO `attendance` VALUES ('1033', '1', null, null, null, '', '2018-04-10 00:00:00', 'api', '2018-04-10 09:00:00', 'api');
INSERT INTO `attendance` VALUES ('1034', '1', '2018-04-11 09:00:00', '2018-04-11 17:00:00', '8', '1', '2018-04-11 00:00:00', 'api', '2018-04-11 09:00:00', 'api');
INSERT INTO `attendance` VALUES ('1035', '1', '2018-04-12 08:00:00', '2018-04-12 17:00:00', '9', '0', '2018-04-12 00:00:00', 'api', '2018-04-12 08:00:00', 'api');
INSERT INTO `attendance` VALUES ('1036', '1', '2018-04-13 09:00:00', '2018-04-13 17:00:00', '8', '1', '2018-04-13 00:00:00', 'api', '2018-04-13 09:00:00', 'api');
INSERT INTO `attendance` VALUES ('1037', '1', '2018-04-14 09:00:00', '2018-04-14 17:00:00', '8', '1', '2018-04-14 00:00:00', 'api', '2018-04-14 09:00:00', 'api');
INSERT INTO `attendance` VALUES ('1038', '1', '2018-04-15 09:00:00', '2018-04-15 17:00:00', '8', '1', '2018-04-15 00:00:00', 'api', '2018-04-15 09:00:00', 'api');
INSERT INTO `attendance` VALUES ('1039', '1', '2018-04-16 08:00:00', '2018-04-16 16:00:00', '8', '0', '2018-04-16 00:00:00', 'api', '2018-04-16 08:00:00', 'api');
INSERT INTO `attendance` VALUES ('1040', '1', '2018-04-17 08:00:00', '2018-04-17 16:00:00', '8', '0', '2018-04-17 00:00:00', 'api', '2018-04-17 08:00:00', 'api');
INSERT INTO `attendance` VALUES ('1041', '1', '2018-04-18 08:00:00', '2018-04-18 16:00:00', '8', '0', '2018-04-18 00:00:00', 'api', '2018-04-18 08:00:00', 'api');
INSERT INTO `attendance` VALUES ('1042', '1', '2018-04-19 08:00:00', '2018-04-19 16:00:00', '8', '0', '2018-04-19 00:00:00', 'api', '2018-04-19 08:00:00', 'api');
INSERT INTO `attendance` VALUES ('1043', '1', '2018-04-20 09:00:00', '2018-04-20 17:00:00', '8', '1', '2018-04-20 00:00:00', 'api', '2018-04-20 09:00:00', 'api');
INSERT INTO `attendance` VALUES ('1044', '1', '2018-04-21 08:00:00', '2018-04-21 16:00:00', '8', '0', '2018-04-21 00:00:00', 'api', '2018-04-21 08:00:00', 'api');
INSERT INTO `attendance` VALUES ('1045', '1', '2018-04-22 08:00:00', '2018-04-22 16:00:00', '8', '0', '2018-04-22 00:00:00', 'api', '2018-04-22 08:00:00', 'api');
INSERT INTO `attendance` VALUES ('1046', '1', '2018-04-23 08:00:00', '2018-04-23 17:00:00', '9', '0', '2018-04-23 00:00:00', 'api', '2018-04-23 08:00:00', 'api');
INSERT INTO `attendance` VALUES ('1047', '1', '2018-04-24 08:00:00', '2018-04-24 16:00:00', '8', '0', '2018-04-24 00:00:00', 'api', '2018-04-24 08:00:00', 'api');
INSERT INTO `attendance` VALUES ('1048', '1', '2018-04-25 09:00:00', '2018-04-25 16:00:00', '7', '1', '2018-04-25 00:00:00', 'api', '2018-04-25 09:00:00', 'api');
INSERT INTO `attendance` VALUES ('1049', '1', '2018-04-26 09:00:00', '2018-04-26 16:00:00', '7', '1', '2018-04-26 00:00:00', 'api', '2018-04-26 09:00:00', 'api');
INSERT INTO `attendance` VALUES ('1050', '1', '2018-04-27 09:00:00', '2018-04-27 17:00:00', '8', '1', '2018-04-27 00:00:00', 'api', '2018-04-27 09:00:00', 'api');
INSERT INTO `attendance` VALUES ('1051', '1', '2018-04-28 09:00:00', '2018-04-28 17:00:00', '8', '1', '2018-04-28 00:00:00', 'api', '2018-04-28 09:00:00', 'api');
INSERT INTO `attendance` VALUES ('1052', '1', '2018-04-29 09:00:00', '2018-04-29 17:00:00', '8', '1', '2018-04-29 00:00:00', 'api', '2018-04-29 09:00:00', 'api');
INSERT INTO `attendance` VALUES ('1053', '1', '2018-04-30 09:00:00', '2018-04-30 17:00:00', '8', '1', '2018-04-30 00:00:00', 'api', '2018-04-30 09:00:00', 'api');
INSERT INTO `attendance` VALUES ('1054', '2', '2018-04-01 09:00:00', '2018-04-01 16:00:00', '7', '1', '2018-04-01 00:00:00', 'api', '2018-04-01 09:00:00', 'api');
INSERT INTO `attendance` VALUES ('1055', '2', '2018-04-02 08:00:00', '2018-04-02 16:00:00', '8', '0', '2018-04-02 00:00:00', 'api', '2018-04-02 08:00:00', 'api');
INSERT INTO `attendance` VALUES ('1056', '2', '2018-04-03 09:00:00', '2018-04-03 16:00:00', '7', '1', '2018-04-03 00:00:00', 'api', '2018-04-03 09:00:00', 'api');
INSERT INTO `attendance` VALUES ('1057', '2', '2018-04-04 09:00:00', '2018-04-04 17:00:00', '8', '1', '2018-04-04 00:00:00', 'api', '2018-04-04 09:00:00', 'api');
INSERT INTO `attendance` VALUES ('1058', '2', '2018-04-05 09:00:00', '2018-04-05 16:00:00', '7', '1', '2018-04-05 00:00:00', 'api', '2018-04-05 09:00:00', 'api');
INSERT INTO `attendance` VALUES ('1059', '2', '2018-04-06 09:00:00', '2018-04-06 16:00:00', '7', '1', '2018-04-06 00:00:00', 'api', '2018-04-06 09:00:00', 'api');
INSERT INTO `attendance` VALUES ('1060', '2', '2018-04-07 09:00:00', '2018-04-07 16:00:00', '7', '1', '2018-04-07 00:00:00', 'api', '2018-04-07 09:00:00', 'api');
INSERT INTO `attendance` VALUES ('1061', '2', '2018-04-08 08:00:00', '2018-04-08 16:00:00', '8', '0', '2018-04-08 00:00:00', 'api', '2018-04-08 08:00:00', 'api');
INSERT INTO `attendance` VALUES ('1062', '2', '2018-04-09 08:00:00', '2018-04-09 17:00:00', '9', '0', '2018-04-09 00:00:00', 'api', '2018-04-09 08:00:00', 'api');
INSERT INTO `attendance` VALUES ('1063', '2', null, null, '7', '1', '2018-04-10 00:00:00', 'api', '2018-04-10 09:00:00', 'api');
INSERT INTO `attendance` VALUES ('1064', '2', '2018-04-11 08:00:00', '2018-04-11 17:00:00', '9', '0', '2018-04-11 00:00:00', 'api', '2018-04-11 08:00:00', 'api');
INSERT INTO `attendance` VALUES ('1065', '2', '2018-04-12 08:00:00', '2018-04-12 16:00:00', '8', '0', '2018-04-12 00:00:00', 'api', '2018-04-12 08:00:00', 'api');
INSERT INTO `attendance` VALUES ('1066', '2', '2018-04-13 08:00:00', '2018-04-13 17:00:00', '9', '0', '2018-04-13 00:00:00', 'api', '2018-04-13 08:00:00', 'api');
INSERT INTO `attendance` VALUES ('1067', '2', '2018-04-14 08:00:00', '2018-04-14 16:00:00', '8', '0', '2018-04-14 00:00:00', 'api', '2018-04-14 08:00:00', 'api');
INSERT INTO `attendance` VALUES ('1068', '2', '2018-04-15 08:00:00', '2018-04-15 17:00:00', '9', '0', '2018-04-15 00:00:00', 'api', '2018-04-15 08:00:00', 'api');
INSERT INTO `attendance` VALUES ('1069', '2', '2018-04-16 09:00:00', '2018-04-16 16:00:00', '7', '1', '2018-04-16 00:00:00', 'api', '2018-04-16 09:00:00', 'api');
INSERT INTO `attendance` VALUES ('1070', '2', '2018-04-17 08:00:00', '2018-04-17 16:00:00', '8', '0', '2018-04-17 00:00:00', 'api', '2018-04-17 08:00:00', 'api');
INSERT INTO `attendance` VALUES ('1071', '2', '2018-04-18 09:00:00', '2018-04-18 16:00:00', '7', '1', '2018-04-18 00:00:00', 'api', '2018-04-18 09:00:00', 'api');
INSERT INTO `attendance` VALUES ('1072', '2', '2018-04-19 08:00:00', '2018-04-19 16:00:00', '8', '0', '2018-04-19 00:00:00', 'api', '2018-04-19 08:00:00', 'api');
INSERT INTO `attendance` VALUES ('1073', '2', '2018-04-20 09:00:00', '2018-04-20 16:00:00', '7', '1', '2018-04-20 00:00:00', 'api', '2018-04-20 09:00:00', 'api');
INSERT INTO `attendance` VALUES ('1074', '2', '2018-04-21 09:00:00', '2018-04-21 16:00:00', '7', '1', '2018-04-21 00:00:00', 'api', '2018-04-21 09:00:00', 'api');
INSERT INTO `attendance` VALUES ('1075', '2', '2018-04-22 08:00:00', '2018-04-22 16:00:00', '8', '0', '2018-04-22 00:00:00', 'api', '2018-04-22 08:00:00', 'api');
INSERT INTO `attendance` VALUES ('1076', '2', '2018-04-23 08:00:00', '2018-04-23 16:00:00', '8', '0', '2018-04-23 00:00:00', 'api', '2018-04-23 08:00:00', 'api');
INSERT INTO `attendance` VALUES ('1077', '2', '2018-04-24 09:00:00', '2018-04-24 17:00:00', '8', '1', '2018-04-24 00:00:00', 'api', '2018-04-24 09:00:00', 'api');
INSERT INTO `attendance` VALUES ('1078', '2', '2018-04-25 08:00:00', '2018-04-25 17:00:00', '9', '0', '2018-04-25 00:00:00', 'api', '2018-04-25 08:00:00', 'api');
INSERT INTO `attendance` VALUES ('1079', '2', '2018-04-26 08:00:00', '2018-04-26 16:00:00', '8', '0', '2018-04-26 00:00:00', 'api', '2018-04-26 08:00:00', 'api');
INSERT INTO `attendance` VALUES ('1080', '2', '2018-04-27 08:00:00', '2018-04-27 16:00:00', '8', '0', '2018-04-27 00:00:00', 'api', '2018-04-27 08:00:00', 'api');
INSERT INTO `attendance` VALUES ('1081', '2', '2018-04-28 08:00:00', '2018-04-28 16:00:00', '8', '0', '2018-04-28 00:00:00', 'api', '2018-04-28 08:00:00', 'api');
INSERT INTO `attendance` VALUES ('1082', '2', '2018-04-29 09:00:00', '2018-04-29 17:00:00', '8', '1', '2018-04-29 00:00:00', 'api', '2018-04-29 09:00:00', 'api');
INSERT INTO `attendance` VALUES ('1083', '2', '2018-04-30 08:00:00', '2018-04-30 17:00:00', '9', '0', '2018-04-30 00:00:00', 'api', '2018-04-30 08:00:00', 'api');
INSERT INTO `attendance` VALUES ('1084', '3', '2018-04-01 08:00:00', '2018-04-01 17:00:00', '9', '0', '2018-04-01 00:00:00', 'api', '2018-04-01 08:00:00', 'api');
INSERT INTO `attendance` VALUES ('1085', '3', '2018-04-02 09:00:00', '2018-04-02 16:00:00', '7', '1', '2018-04-02 00:00:00', 'api', '2018-04-02 09:00:00', 'api');
INSERT INTO `attendance` VALUES ('1086', '3', '2018-04-03 08:00:00', '2018-04-03 16:00:00', '8', '0', '2018-04-03 00:00:00', 'api', '2018-04-03 08:00:00', 'api');
INSERT INTO `attendance` VALUES ('1087', '3', '2018-04-04 09:00:00', '2018-04-04 17:00:00', '8', '1', '2018-04-04 00:00:00', 'api', '2018-04-04 09:00:00', 'api');
INSERT INTO `attendance` VALUES ('1088', '3', '2018-04-05 09:00:00', '2018-04-05 16:00:00', '7', '1', '2018-04-05 00:00:00', 'api', '2018-04-05 09:00:00', 'api');
INSERT INTO `attendance` VALUES ('1089', '3', '2018-04-06 08:00:00', '2018-04-06 16:00:00', '8', '0', '2018-04-06 00:00:00', 'api', '2018-04-06 08:00:00', 'api');
INSERT INTO `attendance` VALUES ('1090', '3', '2018-04-07 09:00:00', '2018-04-07 17:00:00', '8', '1', '2018-04-07 00:00:00', 'api', '2018-04-07 09:00:00', 'api');
INSERT INTO `attendance` VALUES ('1091', '3', '2018-04-08 08:00:00', '2018-04-08 16:00:00', '8', '0', '2018-04-08 00:00:00', 'api', '2018-04-08 08:00:00', 'api');
INSERT INTO `attendance` VALUES ('1092', '3', '2018-04-09 09:00:00', '2018-04-09 16:00:00', '7', '1', '2018-04-09 00:00:00', 'api', '2018-04-09 09:00:00', 'api');
INSERT INTO `attendance` VALUES ('1093', '3', '2018-04-10 09:00:00', '2018-04-10 16:00:00', '7', '1', '2018-04-10 00:00:00', 'api', '2018-04-10 09:00:00', 'api');
INSERT INTO `attendance` VALUES ('1094', '3', '2018-04-11 08:00:00', '2018-04-11 17:00:00', '9', '0', '2018-04-11 00:00:00', 'api', '2018-04-11 08:00:00', 'api');
INSERT INTO `attendance` VALUES ('1095', '3', '2018-04-12 09:00:00', '2018-04-12 17:00:00', '8', '1', '2018-04-12 00:00:00', 'api', '2018-04-12 09:00:00', 'api');
INSERT INTO `attendance` VALUES ('1096', '3', '2018-04-13 09:00:00', '2018-04-13 17:00:00', '8', '1', '2018-04-13 00:00:00', 'api', '2018-04-13 09:00:00', 'api');
INSERT INTO `attendance` VALUES ('1097', '3', '2018-04-14 08:00:00', '2018-04-14 16:00:00', '8', '0', '2018-04-14 00:00:00', 'api', '2018-04-14 08:00:00', 'api');
INSERT INTO `attendance` VALUES ('1098', '3', '2018-04-15 09:00:00', '2018-04-15 16:00:00', '7', '1', '2018-04-15 00:00:00', 'api', '2018-04-15 09:00:00', 'api');
INSERT INTO `attendance` VALUES ('1099', '3', '2018-04-16 08:00:00', '2018-04-16 16:00:00', '8', '0', '2018-04-16 00:00:00', 'api', '2018-04-16 08:00:00', 'api');
INSERT INTO `attendance` VALUES ('1100', '3', '2018-04-17 08:00:00', '2018-04-17 17:00:00', '9', '0', '2018-04-17 00:00:00', 'api', '2018-04-17 08:00:00', 'api');
INSERT INTO `attendance` VALUES ('1101', '3', '2018-04-18 08:00:00', '2018-04-18 17:00:00', '9', '0', '2018-04-18 00:00:00', 'api', '2018-04-18 08:00:00', 'api');
INSERT INTO `attendance` VALUES ('1102', '3', '2018-04-19 09:00:00', '2018-04-19 16:00:00', '7', '1', '2018-04-19 00:00:00', 'api', '2018-04-19 09:00:00', 'api');
INSERT INTO `attendance` VALUES ('1103', '3', '2018-04-20 08:00:00', '2018-04-20 17:00:00', '9', '0', '2018-04-20 00:00:00', 'api', '2018-04-20 08:00:00', 'api');
INSERT INTO `attendance` VALUES ('1104', '3', '2018-04-21 09:00:00', '2018-04-21 16:00:00', '7', '1', '2018-04-21 00:00:00', 'api', '2018-04-21 09:00:00', 'api');
INSERT INTO `attendance` VALUES ('1105', '3', '2018-04-22 08:00:00', '2018-04-22 16:00:00', '8', '0', '2018-04-22 00:00:00', 'api', '2018-04-22 08:00:00', 'api');
INSERT INTO `attendance` VALUES ('1106', '3', '2018-04-23 09:00:00', '2018-04-23 17:00:00', '8', '1', '2018-04-23 00:00:00', 'api', '2018-04-23 09:00:00', 'api');
INSERT INTO `attendance` VALUES ('1107', '3', '2018-04-24 08:00:00', '2018-04-24 16:00:00', '8', '0', '2018-04-24 00:00:00', 'api', '2018-04-24 08:00:00', 'api');
INSERT INTO `attendance` VALUES ('1108', '3', '2018-04-25 08:00:00', '2018-04-25 16:00:00', '8', '0', '2018-04-25 00:00:00', 'api', '2018-04-25 08:00:00', 'api');
INSERT INTO `attendance` VALUES ('1109', '3', '2018-04-26 09:00:00', '2018-04-26 16:00:00', '7', '1', '2018-04-26 00:00:00', 'api', '2018-04-26 09:00:00', 'api');
INSERT INTO `attendance` VALUES ('1110', '3', '2018-04-27 08:00:00', '2018-04-27 17:00:00', '9', '0', '2018-04-27 00:00:00', 'api', '2018-04-27 08:00:00', 'api');
INSERT INTO `attendance` VALUES ('1111', '3', '2018-04-28 08:00:00', '2018-04-28 16:00:00', '8', '0', '2018-04-28 00:00:00', 'api', '2018-04-28 08:00:00', 'api');
INSERT INTO `attendance` VALUES ('1112', '3', '2018-04-29 09:00:00', '2018-04-29 17:00:00', '8', '1', '2018-04-29 00:00:00', 'api', '2018-04-29 09:00:00', 'api');
INSERT INTO `attendance` VALUES ('1113', '3', '2018-04-30 09:00:00', '2018-04-30 16:00:00', '7', '1', '2018-04-30 00:00:00', 'api', '2018-04-30 09:00:00', 'api');
INSERT INTO `attendance` VALUES ('1114', '4', '2018-04-01 08:00:00', '2018-04-01 17:00:00', '9', '0', '2018-04-01 00:00:00', 'api', '2018-04-01 08:00:00', 'api');
INSERT INTO `attendance` VALUES ('1115', '4', '2018-04-02 09:00:00', '2018-04-02 16:00:00', '7', '1', '2018-04-02 00:00:00', 'api', '2018-04-02 09:00:00', 'api');
INSERT INTO `attendance` VALUES ('1116', '4', '2018-04-03 09:00:00', '2018-04-03 17:00:00', '8', '1', '2018-04-03 00:00:00', 'api', '2018-04-03 09:00:00', 'api');
INSERT INTO `attendance` VALUES ('1117', '4', '2018-04-04 09:00:00', '2018-04-04 16:00:00', '7', '1', '2018-04-04 00:00:00', 'api', '2018-04-04 09:00:00', 'api');
INSERT INTO `attendance` VALUES ('1118', '4', '2018-04-05 08:00:00', '2018-04-05 17:00:00', '9', '0', '2018-04-05 00:00:00', 'api', '2018-04-05 08:00:00', 'api');
INSERT INTO `attendance` VALUES ('1119', '4', '2018-04-06 09:00:00', '2018-04-06 17:00:00', '8', '1', '2018-04-06 00:00:00', 'api', '2018-04-06 09:00:00', 'api');
INSERT INTO `attendance` VALUES ('1120', '4', '2018-04-07 09:00:00', '2018-04-07 16:00:00', '7', '1', '2018-04-07 00:00:00', 'api', '2018-04-07 09:00:00', 'api');
INSERT INTO `attendance` VALUES ('1121', '4', '2018-04-08 08:00:00', '2018-04-08 16:00:00', '8', '0', '2018-04-08 00:00:00', 'api', '2018-04-08 08:00:00', 'api');
INSERT INTO `attendance` VALUES ('1122', '4', '2018-04-09 09:00:00', '2018-04-09 17:00:00', '8', '1', '2018-04-09 00:00:00', 'api', '2018-04-09 09:00:00', 'api');
INSERT INTO `attendance` VALUES ('1123', '4', '2018-04-10 09:00:00', '2018-04-10 16:00:00', '7', '1', '2018-04-10 00:00:00', 'api', '2018-04-10 09:00:00', 'api');
INSERT INTO `attendance` VALUES ('1124', '4', '2018-04-11 08:00:00', '2018-04-11 16:00:00', '8', '0', '2018-04-11 00:00:00', 'api', '2018-04-11 08:00:00', 'api');
INSERT INTO `attendance` VALUES ('1125', '4', '2018-04-12 09:00:00', '2018-04-12 16:00:00', '7', '1', '2018-04-12 00:00:00', 'api', '2018-04-12 09:00:00', 'api');
INSERT INTO `attendance` VALUES ('1126', '4', '2018-04-13 09:00:00', '2018-04-13 17:00:00', '8', '1', '2018-04-13 00:00:00', 'api', '2018-04-13 09:00:00', 'api');
INSERT INTO `attendance` VALUES ('1127', '4', '2018-04-14 09:00:00', '2018-04-14 16:00:00', '7', '1', '2018-04-14 00:00:00', 'api', '2018-04-14 09:00:00', 'api');
INSERT INTO `attendance` VALUES ('1128', '4', '2018-04-15 08:00:00', '2018-04-15 16:00:00', '8', '0', '2018-04-15 00:00:00', 'api', '2018-04-15 08:00:00', 'api');
INSERT INTO `attendance` VALUES ('1129', '4', '2018-04-16 09:00:00', '2018-04-16 17:00:00', '8', '1', '2018-04-16 00:00:00', 'api', '2018-04-16 09:00:00', 'api');
INSERT INTO `attendance` VALUES ('1130', '4', '2018-04-17 08:00:00', '2018-04-17 16:00:00', '8', '0', '2018-04-17 00:00:00', 'api', '2018-04-17 08:00:00', 'api');
INSERT INTO `attendance` VALUES ('1131', '4', '2018-04-18 09:00:00', '2018-04-18 17:00:00', '8', '1', '2018-04-18 00:00:00', 'api', '2018-04-18 09:00:00', 'api');
INSERT INTO `attendance` VALUES ('1132', '4', '2018-04-19 09:00:00', '2018-04-19 17:00:00', '8', '1', '2018-04-19 00:00:00', 'api', '2018-04-19 09:00:00', 'api');
INSERT INTO `attendance` VALUES ('1133', '4', '2018-04-20 09:00:00', '2018-04-20 16:00:00', '7', '1', '2018-04-20 00:00:00', 'api', '2018-04-20 09:00:00', 'api');
INSERT INTO `attendance` VALUES ('1134', '4', '2018-04-21 08:00:00', '2018-04-21 16:00:00', '8', '0', '2018-04-21 00:00:00', 'api', '2018-04-21 08:00:00', 'api');
INSERT INTO `attendance` VALUES ('1135', '4', '2018-04-22 08:00:00', '2018-04-22 16:00:00', '8', '0', '2018-04-22 00:00:00', 'api', '2018-04-22 08:00:00', 'api');
INSERT INTO `attendance` VALUES ('1136', '4', '2018-04-23 08:00:00', '2018-04-23 17:00:00', '9', '0', '2018-04-23 00:00:00', 'api', '2018-04-23 08:00:00', 'api');
INSERT INTO `attendance` VALUES ('1137', '4', '2018-04-24 08:00:00', '2018-04-24 16:00:00', '8', '0', '2018-04-24 00:00:00', 'api', '2018-04-24 08:00:00', 'api');
INSERT INTO `attendance` VALUES ('1138', '4', '2018-04-25 08:00:00', '2018-04-25 16:00:00', '8', '0', '2018-04-25 00:00:00', 'api', '2018-04-25 08:00:00', 'api');
INSERT INTO `attendance` VALUES ('1139', '4', '2018-04-26 08:00:00', '2018-04-26 17:00:00', '9', '0', '2018-04-26 00:00:00', 'api', '2018-04-26 08:00:00', 'api');
INSERT INTO `attendance` VALUES ('1140', '4', '2018-04-27 08:00:00', '2018-04-27 16:00:00', '8', '0', '2018-04-27 00:00:00', 'api', '2018-04-27 08:00:00', 'api');
INSERT INTO `attendance` VALUES ('1141', '4', '2018-04-28 08:00:00', '2018-04-28 17:00:00', '9', '0', '2018-04-28 00:00:00', 'api', '2018-04-28 08:00:00', 'api');
INSERT INTO `attendance` VALUES ('1142', '4', '2018-04-29 08:00:00', '2018-04-29 17:00:00', '9', '0', '2018-04-29 00:00:00', 'api', '2018-04-29 08:00:00', 'api');
INSERT INTO `attendance` VALUES ('1143', '4', '2018-04-30 08:00:00', '2018-04-30 16:00:00', '8', '0', '2018-04-30 00:00:00', 'api', '2018-04-30 08:00:00', 'api');
INSERT INTO `attendance` VALUES ('1144', '5', '2018-04-01 09:00:00', '2018-04-01 17:00:00', '8', '1', '2018-04-01 00:00:00', 'api', '2018-04-01 09:00:00', 'api');
INSERT INTO `attendance` VALUES ('1145', '5', '2018-04-02 09:00:00', '2018-04-02 17:00:00', '8', '1', '2018-04-02 00:00:00', 'api', '2018-04-02 09:00:00', 'api');
INSERT INTO `attendance` VALUES ('1146', '5', '2018-04-03 08:00:00', '2018-04-03 16:00:00', '8', '0', '2018-04-03 00:00:00', 'api', '2018-04-03 08:00:00', 'api');
INSERT INTO `attendance` VALUES ('1147', '5', '2018-04-04 09:00:00', '2018-04-04 17:00:00', '8', '1', '2018-04-04 00:00:00', 'api', '2018-04-04 09:00:00', 'api');
INSERT INTO `attendance` VALUES ('1148', '5', '2018-04-05 09:00:00', '2018-04-05 17:00:00', '8', '1', '2018-04-05 00:00:00', 'api', '2018-04-05 09:00:00', 'api');
INSERT INTO `attendance` VALUES ('1149', '5', '2018-04-06 08:00:00', '2018-04-06 16:00:00', '8', '0', '2018-04-06 00:00:00', 'api', '2018-04-06 08:00:00', 'api');
INSERT INTO `attendance` VALUES ('1150', '5', '2018-04-07 08:00:00', '2018-04-07 16:00:00', '8', '0', '2018-04-07 00:00:00', 'api', '2018-04-07 08:00:00', 'api');
INSERT INTO `attendance` VALUES ('1151', '5', '2018-04-08 08:00:00', '2018-04-08 16:00:00', '8', '0', '2018-04-08 00:00:00', 'api', '2018-04-08 08:00:00', 'api');
INSERT INTO `attendance` VALUES ('1152', '5', '2018-04-09 09:00:00', '2018-04-09 17:00:00', '8', '1', '2018-04-09 00:00:00', 'api', '2018-04-09 09:00:00', 'api');
INSERT INTO `attendance` VALUES ('1153', '5', '2018-04-10 08:00:00', '2018-04-10 17:00:00', '9', '0', '2018-04-10 00:00:00', 'api', '2018-04-10 08:00:00', 'api');
INSERT INTO `attendance` VALUES ('1154', '5', '2018-04-11 08:00:00', '2018-04-11 17:00:00', '9', '0', '2018-04-11 00:00:00', 'api', '2018-04-11 08:00:00', 'api');
INSERT INTO `attendance` VALUES ('1155', '5', '2018-04-12 08:00:00', '2018-04-12 16:00:00', '8', '0', '2018-04-12 00:00:00', 'api', '2018-04-12 08:00:00', 'api');
INSERT INTO `attendance` VALUES ('1156', '5', '2018-04-13 08:00:00', '2018-04-13 16:00:00', '8', '0', '2018-04-13 00:00:00', 'api', '2018-04-13 08:00:00', 'api');
INSERT INTO `attendance` VALUES ('1157', '5', '2018-04-14 09:00:00', '2018-04-14 17:00:00', '8', '1', '2018-04-14 00:00:00', 'api', '2018-04-14 09:00:00', 'api');
INSERT INTO `attendance` VALUES ('1158', '5', '2018-04-15 08:00:00', '2018-04-15 16:00:00', '8', '0', '2018-04-15 00:00:00', 'api', '2018-04-15 08:00:00', 'api');
INSERT INTO `attendance` VALUES ('1159', '5', '2018-04-16 08:00:00', '2018-04-16 17:00:00', '9', '0', '2018-04-16 00:00:00', 'api', '2018-04-16 08:00:00', 'api');
INSERT INTO `attendance` VALUES ('1160', '5', '2018-04-17 09:00:00', '2018-04-17 17:00:00', '8', '1', '2018-04-17 00:00:00', 'api', '2018-04-17 09:00:00', 'api');
INSERT INTO `attendance` VALUES ('1161', '5', '2018-04-18 09:00:00', '2018-04-18 16:00:00', '7', '1', '2018-04-18 00:00:00', 'api', '2018-04-18 09:00:00', 'api');
INSERT INTO `attendance` VALUES ('1162', '5', '2018-04-19 08:00:00', '2018-04-19 17:00:00', '9', '0', '2018-04-19 00:00:00', 'api', '2018-04-19 08:00:00', 'api');
INSERT INTO `attendance` VALUES ('1163', '5', '2018-04-20 08:00:00', '2018-04-20 17:00:00', '9', '0', '2018-04-20 00:00:00', 'api', '2018-04-20 08:00:00', 'api');
INSERT INTO `attendance` VALUES ('1164', '5', '2018-04-21 09:00:00', '2018-04-21 16:00:00', '7', '1', '2018-04-21 00:00:00', 'api', '2018-04-21 09:00:00', 'api');
INSERT INTO `attendance` VALUES ('1165', '5', '2018-04-22 08:00:00', '2018-04-22 16:00:00', '8', '0', '2018-04-22 00:00:00', 'api', '2018-04-22 08:00:00', 'api');
INSERT INTO `attendance` VALUES ('1166', '5', '2018-04-23 09:00:00', '2018-04-23 17:00:00', '8', '1', '2018-04-23 00:00:00', 'api', '2018-04-23 09:00:00', 'api');
INSERT INTO `attendance` VALUES ('1167', '5', '2018-04-24 08:00:00', '2018-04-24 17:00:00', '9', '0', '2018-04-24 00:00:00', 'api', '2018-04-24 08:00:00', 'api');
INSERT INTO `attendance` VALUES ('1168', '5', '2018-04-25 08:00:00', '2018-04-25 16:00:00', '8', '0', '2018-04-25 00:00:00', 'api', '2018-04-25 08:00:00', 'api');
INSERT INTO `attendance` VALUES ('1169', '5', '2018-04-26 08:00:00', '2018-04-26 16:00:00', '8', '0', '2018-04-26 00:00:00', 'api', '2018-04-26 08:00:00', 'api');
INSERT INTO `attendance` VALUES ('1170', '5', '2018-04-27 09:00:00', '2018-04-27 17:00:00', '8', '1', '2018-04-27 00:00:00', 'api', '2018-04-27 09:00:00', 'api');
INSERT INTO `attendance` VALUES ('1171', '5', '2018-04-28 09:00:00', '2018-04-28 17:00:00', '8', '1', '2018-04-28 00:00:00', 'api', '2018-04-28 09:00:00', 'api');
INSERT INTO `attendance` VALUES ('1172', '5', '2018-04-29 08:00:00', '2018-04-29 17:00:00', '9', '0', '2018-04-29 00:00:00', 'api', '2018-04-29 08:00:00', 'api');
INSERT INTO `attendance` VALUES ('1173', '5', '2018-04-30 09:00:00', '2018-04-30 16:00:00', '7', '1', '2018-04-30 00:00:00', 'api', '2018-04-30 09:00:00', 'api');
INSERT INTO `attendance` VALUES ('1174', '6', '2018-04-01 09:00:00', '2018-04-01 16:00:00', '7', '1', '2018-04-01 00:00:00', 'api', '2018-04-01 09:00:00', 'api');
INSERT INTO `attendance` VALUES ('1175', '6', '2018-04-02 08:00:00', '2018-04-02 16:00:00', '8', '0', '2018-04-02 00:00:00', 'api', '2018-04-02 08:00:00', 'api');
INSERT INTO `attendance` VALUES ('1176', '6', '2018-04-03 08:00:00', '2018-04-03 16:00:00', '8', '0', '2018-04-03 00:00:00', 'api', '2018-04-03 08:00:00', 'api');
INSERT INTO `attendance` VALUES ('1177', '6', '2018-04-04 09:00:00', '2018-04-04 17:00:00', '8', '1', '2018-04-04 00:00:00', 'api', '2018-04-04 09:00:00', 'api');
INSERT INTO `attendance` VALUES ('1178', '6', '2018-04-05 08:00:00', '2018-04-05 17:00:00', '9', '0', '2018-04-05 00:00:00', 'api', '2018-04-05 08:00:00', 'api');
INSERT INTO `attendance` VALUES ('1179', '6', '2018-04-06 09:00:00', '2018-04-06 16:00:00', '7', '1', '2018-04-06 00:00:00', 'api', '2018-04-06 09:00:00', 'api');
INSERT INTO `attendance` VALUES ('1180', '6', '2018-04-07 08:00:00', '2018-04-07 16:00:00', '8', '0', '2018-04-07 00:00:00', 'api', '2018-04-07 08:00:00', 'api');
INSERT INTO `attendance` VALUES ('1181', '6', '2018-04-08 08:00:00', '2018-04-08 17:00:00', '9', '0', '2018-04-08 00:00:00', 'api', '2018-04-08 08:00:00', 'api');
INSERT INTO `attendance` VALUES ('1182', '6', '2018-04-09 08:00:00', '2018-04-09 16:00:00', '8', '0', '2018-04-09 00:00:00', 'api', '2018-04-09 08:00:00', 'api');
INSERT INTO `attendance` VALUES ('1183', '6', '2018-04-10 08:00:00', '2018-04-10 17:00:00', '9', '0', '2018-04-10 00:00:00', 'api', '2018-04-10 08:00:00', 'api');
INSERT INTO `attendance` VALUES ('1184', '6', '2018-04-11 09:00:00', '2018-04-11 17:00:00', '8', '1', '2018-04-11 00:00:00', 'api', '2018-04-11 09:00:00', 'api');
INSERT INTO `attendance` VALUES ('1185', '6', '2018-04-12 09:00:00', '2018-04-12 16:00:00', '7', '1', '2018-04-12 00:00:00', 'api', '2018-04-12 09:00:00', 'api');
INSERT INTO `attendance` VALUES ('1186', '6', '2018-04-13 08:00:00', '2018-04-13 17:00:00', '9', '0', '2018-04-13 00:00:00', 'api', '2018-04-13 08:00:00', 'api');
INSERT INTO `attendance` VALUES ('1187', '6', '2018-04-14 09:00:00', '2018-04-14 16:00:00', '7', '1', '2018-04-14 00:00:00', 'api', '2018-04-14 09:00:00', 'api');
INSERT INTO `attendance` VALUES ('1188', '6', '2018-04-15 08:00:00', '2018-04-15 16:00:00', '8', '0', '2018-04-15 00:00:00', 'api', '2018-04-15 08:00:00', 'api');
INSERT INTO `attendance` VALUES ('1189', '6', '2018-04-16 09:00:00', '2018-04-16 17:00:00', '8', '1', '2018-04-16 00:00:00', 'api', '2018-04-16 09:00:00', 'api');
INSERT INTO `attendance` VALUES ('1190', '6', '2018-04-17 08:00:00', '2018-04-17 16:00:00', '8', '0', '2018-04-17 00:00:00', 'api', '2018-04-17 08:00:00', 'api');
INSERT INTO `attendance` VALUES ('1191', '6', '2018-04-18 09:00:00', '2018-04-18 17:00:00', '8', '1', '2018-04-18 00:00:00', 'api', '2018-04-18 09:00:00', 'api');
INSERT INTO `attendance` VALUES ('1192', '6', '2018-04-19 08:00:00', '2018-04-19 16:00:00', '8', '0', '2018-04-19 00:00:00', 'api', '2018-04-19 08:00:00', 'api');
INSERT INTO `attendance` VALUES ('1193', '6', '2018-04-20 08:00:00', '2018-04-20 16:00:00', '8', '0', '2018-04-20 00:00:00', 'api', '2018-04-20 08:00:00', 'api');
INSERT INTO `attendance` VALUES ('1194', '6', '2018-04-21 09:00:00', '2018-04-21 17:00:00', '8', '1', '2018-04-21 00:00:00', 'api', '2018-04-21 09:00:00', 'api');
INSERT INTO `attendance` VALUES ('1195', '6', '2018-04-22 09:00:00', '2018-04-22 16:00:00', '7', '1', '2018-04-22 00:00:00', 'api', '2018-04-22 09:00:00', 'api');
INSERT INTO `attendance` VALUES ('1196', '6', '2018-04-23 08:00:00', '2018-04-23 17:00:00', '9', '0', '2018-04-23 00:00:00', 'api', '2018-04-23 08:00:00', 'api');
INSERT INTO `attendance` VALUES ('1197', '6', '2018-04-24 09:00:00', '2018-04-24 17:00:00', '8', '1', '2018-04-24 00:00:00', 'api', '2018-04-24 09:00:00', 'api');
INSERT INTO `attendance` VALUES ('1198', '6', '2018-04-25 08:00:00', '2018-04-25 17:00:00', '9', '0', '2018-04-25 00:00:00', 'api', '2018-04-25 08:00:00', 'api');
INSERT INTO `attendance` VALUES ('1199', '6', '2018-04-26 09:00:00', '2018-04-26 16:00:00', '7', '1', '2018-04-26 00:00:00', 'api', '2018-04-26 09:00:00', 'api');
INSERT INTO `attendance` VALUES ('1200', '6', '2018-04-27 08:00:00', '2018-04-27 16:00:00', '8', '0', '2018-04-27 00:00:00', 'api', '2018-04-27 08:00:00', 'api');
INSERT INTO `attendance` VALUES ('1201', '6', '2018-04-28 08:00:00', '2018-04-28 17:00:00', '9', '0', '2018-04-28 00:00:00', 'api', '2018-04-28 08:00:00', 'api');
INSERT INTO `attendance` VALUES ('1202', '6', '2018-04-29 09:00:00', '2018-04-29 17:00:00', '8', '1', '2018-04-29 00:00:00', 'api', '2018-04-29 09:00:00', 'api');
INSERT INTO `attendance` VALUES ('1203', '6', '2018-04-30 08:00:00', '2018-04-30 17:00:00', '9', '0', '2018-04-30 00:00:00', 'api', '2018-04-30 08:00:00', 'api');
INSERT INTO `attendance` VALUES ('1204', '7', '2018-04-01 08:00:00', '2018-04-01 17:00:00', '9', '0', '2018-04-01 00:00:00', 'api', '2018-04-01 08:00:00', 'api');
INSERT INTO `attendance` VALUES ('1205', '7', '2018-04-02 09:00:00', '2018-04-02 16:00:00', '7', '1', '2018-04-02 00:00:00', 'api', '2018-04-02 09:00:00', 'api');
INSERT INTO `attendance` VALUES ('1206', '7', '2018-04-03 09:00:00', '2018-04-03 17:00:00', '8', '1', '2018-04-03 00:00:00', 'api', '2018-04-03 09:00:00', 'api');
INSERT INTO `attendance` VALUES ('1207', '7', '2018-04-04 08:00:00', '2018-04-04 17:00:00', '9', '0', '2018-04-04 00:00:00', 'api', '2018-04-04 08:00:00', 'api');
INSERT INTO `attendance` VALUES ('1208', '7', '2018-04-05 09:00:00', '2018-04-05 17:00:00', '8', '1', '2018-04-05 00:00:00', 'api', '2018-04-05 09:00:00', 'api');
INSERT INTO `attendance` VALUES ('1209', '7', '2018-04-06 08:00:00', '2018-04-06 17:00:00', '9', '0', '2018-04-06 00:00:00', 'api', '2018-04-06 08:00:00', 'api');
INSERT INTO `attendance` VALUES ('1210', '7', '2018-04-07 08:00:00', '2018-04-07 16:00:00', '8', '0', '2018-04-07 00:00:00', 'api', '2018-04-07 08:00:00', 'api');
INSERT INTO `attendance` VALUES ('1211', '7', '2018-04-08 08:00:00', '2018-04-08 17:00:00', '9', '0', '2018-04-08 00:00:00', 'api', '2018-04-08 08:00:00', 'api');
INSERT INTO `attendance` VALUES ('1212', '7', '2018-04-09 09:00:00', '2018-04-09 16:00:00', '7', '1', '2018-04-09 00:00:00', 'api', '2018-04-09 09:00:00', 'api');
INSERT INTO `attendance` VALUES ('1213', '7', '2018-04-10 09:00:00', '2018-04-10 17:00:00', '8', '1', '2018-04-10 00:00:00', 'api', '2018-04-10 09:00:00', 'api');
INSERT INTO `attendance` VALUES ('1214', '7', '2018-04-11 08:00:00', '2018-04-11 17:00:00', '9', '0', '2018-04-11 00:00:00', 'api', '2018-04-11 08:00:00', 'api');
INSERT INTO `attendance` VALUES ('1215', '7', '2018-04-12 09:00:00', '2018-04-12 17:00:00', '8', '1', '2018-04-12 00:00:00', 'api', '2018-04-12 09:00:00', 'api');
INSERT INTO `attendance` VALUES ('1216', '7', '2018-04-13 09:00:00', '2018-04-13 17:00:00', '8', '1', '2018-04-13 00:00:00', 'api', '2018-04-13 09:00:00', 'api');
INSERT INTO `attendance` VALUES ('1217', '7', '2018-04-14 09:00:00', '2018-04-14 16:00:00', '7', '1', '2018-04-14 00:00:00', 'api', '2018-04-14 09:00:00', 'api');
INSERT INTO `attendance` VALUES ('1218', '7', '2018-04-15 09:00:00', '2018-04-15 16:00:00', '7', '1', '2018-04-15 00:00:00', 'api', '2018-04-15 09:00:00', 'api');
INSERT INTO `attendance` VALUES ('1219', '7', '2018-04-16 08:00:00', '2018-04-16 16:00:00', '8', '0', '2018-04-16 00:00:00', 'api', '2018-04-16 08:00:00', 'api');
INSERT INTO `attendance` VALUES ('1220', '7', '2018-04-17 08:00:00', '2018-04-17 16:00:00', '8', '0', '2018-04-17 00:00:00', 'api', '2018-04-17 08:00:00', 'api');
INSERT INTO `attendance` VALUES ('1221', '7', '2018-04-18 08:00:00', '2018-04-18 16:00:00', '8', '0', '2018-04-18 00:00:00', 'api', '2018-04-18 08:00:00', 'api');
INSERT INTO `attendance` VALUES ('1222', '7', '2018-04-19 09:00:00', '2018-04-19 16:00:00', '7', '1', '2018-04-19 00:00:00', 'api', '2018-04-19 09:00:00', 'api');
INSERT INTO `attendance` VALUES ('1223', '7', '2018-04-20 08:00:00', '2018-04-20 17:00:00', '9', '0', '2018-04-20 00:00:00', 'api', '2018-04-20 08:00:00', 'api');
INSERT INTO `attendance` VALUES ('1224', '7', '2018-04-21 09:00:00', '2018-04-21 16:00:00', '7', '1', '2018-04-21 00:00:00', 'api', '2018-04-21 09:00:00', 'api');
INSERT INTO `attendance` VALUES ('1225', '7', '2018-04-22 08:00:00', '2018-04-22 17:00:00', '9', '0', '2018-04-22 00:00:00', 'api', '2018-04-22 08:00:00', 'api');
INSERT INTO `attendance` VALUES ('1226', '7', '2018-04-23 09:00:00', '2018-04-23 17:00:00', '8', '1', '2018-04-23 00:00:00', 'api', '2018-04-23 09:00:00', 'api');
INSERT INTO `attendance` VALUES ('1227', '7', '2018-04-24 09:00:00', '2018-04-24 17:00:00', '8', '1', '2018-04-24 00:00:00', 'api', '2018-04-24 09:00:00', 'api');
INSERT INTO `attendance` VALUES ('1228', '7', '2018-04-25 08:00:00', '2018-04-25 16:00:00', '8', '0', '2018-04-25 00:00:00', 'api', '2018-04-25 08:00:00', 'api');
INSERT INTO `attendance` VALUES ('1229', '7', '2018-04-26 08:00:00', '2018-04-26 16:00:00', '8', '0', '2018-04-26 00:00:00', 'api', '2018-04-26 08:00:00', 'api');
INSERT INTO `attendance` VALUES ('1230', '7', '2018-04-27 09:00:00', '2018-04-27 17:00:00', '8', '1', '2018-04-27 00:00:00', 'api', '2018-04-27 09:00:00', 'api');
INSERT INTO `attendance` VALUES ('1231', '7', '2018-04-28 08:00:00', '2018-04-28 16:00:00', '8', '0', '2018-04-28 00:00:00', 'api', '2018-04-28 08:00:00', 'api');
INSERT INTO `attendance` VALUES ('1232', '7', '2018-04-29 08:00:00', '2018-04-29 17:00:00', '9', '0', '2018-04-29 00:00:00', 'api', '2018-04-29 08:00:00', 'api');
INSERT INTO `attendance` VALUES ('1233', '7', '2018-04-30 09:00:00', '2018-04-30 17:00:00', '8', '1', '2018-04-30 00:00:00', 'api', '2018-04-30 09:00:00', 'api');
INSERT INTO `attendance` VALUES ('1234', '8', '2018-04-01 09:00:00', '2018-04-01 17:00:00', '8', '1', '2018-04-01 00:00:00', 'api', '2018-04-01 09:00:00', 'api');
INSERT INTO `attendance` VALUES ('1235', '8', '2018-04-02 08:00:00', '2018-04-02 17:00:00', '9', '0', '2018-04-02 00:00:00', 'api', '2018-04-02 08:00:00', 'api');
INSERT INTO `attendance` VALUES ('1236', '8', '2018-04-03 08:00:00', '2018-04-03 16:00:00', '8', '0', '2018-04-03 00:00:00', 'api', '2018-04-03 08:00:00', 'api');
INSERT INTO `attendance` VALUES ('1237', '8', '2018-04-04 09:00:00', '2018-04-04 17:00:00', '8', '1', '2018-04-04 00:00:00', 'api', '2018-04-04 09:00:00', 'api');
INSERT INTO `attendance` VALUES ('1238', '8', '2018-04-05 08:00:00', '2018-04-05 17:00:00', '9', '0', '2018-04-05 00:00:00', 'api', '2018-04-05 08:00:00', 'api');
INSERT INTO `attendance` VALUES ('1239', '8', '2018-04-06 08:00:00', '2018-04-06 17:00:00', '9', '0', '2018-04-06 00:00:00', 'api', '2018-04-06 08:00:00', 'api');
INSERT INTO `attendance` VALUES ('1240', '8', '2018-04-07 08:00:00', '2018-04-07 16:00:00', '8', '0', '2018-04-07 00:00:00', 'api', '2018-04-07 08:00:00', 'api');
INSERT INTO `attendance` VALUES ('1241', '8', '2018-04-08 09:00:00', '2018-04-08 17:00:00', '8', '1', '2018-04-08 00:00:00', 'api', '2018-04-08 09:00:00', 'api');
INSERT INTO `attendance` VALUES ('1242', '8', '2018-04-09 08:00:00', '2018-04-09 16:00:00', '8', '0', '2018-04-09 00:00:00', 'api', '2018-04-09 08:00:00', 'api');
INSERT INTO `attendance` VALUES ('1243', '8', '2018-04-10 08:00:00', '2018-04-10 16:00:00', '8', '0', '2018-04-10 00:00:00', 'api', '2018-04-10 08:00:00', 'api');
INSERT INTO `attendance` VALUES ('1244', '8', '2018-04-11 08:00:00', '2018-04-11 16:00:00', '8', '0', '2018-04-11 00:00:00', 'api', '2018-04-11 08:00:00', 'api');
INSERT INTO `attendance` VALUES ('1245', '8', '2018-04-12 08:00:00', '2018-04-12 16:00:00', '8', '0', '2018-04-12 00:00:00', 'api', '2018-04-12 08:00:00', 'api');
INSERT INTO `attendance` VALUES ('1246', '8', '2018-04-13 08:00:00', '2018-04-13 17:00:00', '9', '0', '2018-04-13 00:00:00', 'api', '2018-04-13 08:00:00', 'api');
INSERT INTO `attendance` VALUES ('1247', '8', '2018-04-14 09:00:00', '2018-04-14 17:00:00', '8', '1', '2018-04-14 00:00:00', 'api', '2018-04-14 09:00:00', 'api');
INSERT INTO `attendance` VALUES ('1248', '8', '2018-04-15 08:00:00', '2018-04-15 17:00:00', '9', '0', '2018-04-15 00:00:00', 'api', '2018-04-15 08:00:00', 'api');
INSERT INTO `attendance` VALUES ('1249', '8', '2018-04-16 09:00:00', '2018-04-16 16:00:00', '7', '1', '2018-04-16 00:00:00', 'api', '2018-04-16 09:00:00', 'api');
INSERT INTO `attendance` VALUES ('1250', '8', '2018-04-17 09:00:00', '2018-04-17 17:00:00', '8', '1', '2018-04-17 00:00:00', 'api', '2018-04-17 09:00:00', 'api');
INSERT INTO `attendance` VALUES ('1251', '8', '2018-04-18 09:00:00', '2018-04-18 17:00:00', '8', '1', '2018-04-18 00:00:00', 'api', '2018-04-18 09:00:00', 'api');
INSERT INTO `attendance` VALUES ('1252', '8', '2018-04-19 08:00:00', '2018-04-19 16:00:00', '8', '0', '2018-04-19 00:00:00', 'api', '2018-04-19 08:00:00', 'api');
INSERT INTO `attendance` VALUES ('1253', '8', '2018-04-20 09:00:00', '2018-04-20 16:00:00', '7', '1', '2018-04-20 00:00:00', 'api', '2018-04-20 09:00:00', 'api');
INSERT INTO `attendance` VALUES ('1254', '8', '2018-04-21 09:00:00', '2018-04-21 16:00:00', '7', '1', '2018-04-21 00:00:00', 'api', '2018-04-21 09:00:00', 'api');
INSERT INTO `attendance` VALUES ('1255', '8', '2018-04-22 08:00:00', '2018-04-22 16:00:00', '8', '0', '2018-04-22 00:00:00', 'api', '2018-04-22 08:00:00', 'api');
INSERT INTO `attendance` VALUES ('1256', '8', '2018-04-23 08:00:00', '2018-04-23 17:00:00', '9', '0', '2018-04-23 00:00:00', 'api', '2018-04-23 08:00:00', 'api');
INSERT INTO `attendance` VALUES ('1257', '8', '2018-04-24 09:00:00', '2018-04-24 16:00:00', '7', '1', '2018-04-24 00:00:00', 'api', '2018-04-24 09:00:00', 'api');
INSERT INTO `attendance` VALUES ('1258', '8', '2018-04-25 09:00:00', '2018-04-25 16:00:00', '7', '1', '2018-04-25 00:00:00', 'api', '2018-04-25 09:00:00', 'api');
INSERT INTO `attendance` VALUES ('1259', '8', '2018-04-26 09:00:00', '2018-04-26 16:00:00', '7', '1', '2018-04-26 00:00:00', 'api', '2018-04-26 09:00:00', 'api');
INSERT INTO `attendance` VALUES ('1260', '8', '2018-04-27 09:00:00', '2018-04-27 17:00:00', '8', '1', '2018-04-27 00:00:00', 'api', '2018-04-27 09:00:00', 'api');
INSERT INTO `attendance` VALUES ('1261', '8', '2018-04-28 08:00:00', '2018-04-28 16:00:00', '8', '0', '2018-04-28 00:00:00', 'api', '2018-04-28 08:00:00', 'api');
INSERT INTO `attendance` VALUES ('1262', '8', '2018-04-29 08:00:00', '2018-04-29 16:00:00', '8', '0', '2018-04-29 00:00:00', 'api', '2018-04-29 08:00:00', 'api');
INSERT INTO `attendance` VALUES ('1263', '8', '2018-04-30 08:00:00', '2018-04-30 16:00:00', '8', '0', '2018-04-30 00:00:00', 'api', '2018-04-30 08:00:00', 'api');
INSERT INTO `attendance` VALUES ('1264', '9', '2018-04-01 09:00:00', '2018-04-01 17:00:00', '8', '1', '2018-04-01 00:00:00', 'api', '2018-04-01 09:00:00', 'api');
INSERT INTO `attendance` VALUES ('1265', '9', '2018-04-02 08:00:00', '2018-04-02 17:00:00', '9', '0', '2018-04-02 00:00:00', 'api', '2018-04-02 08:00:00', 'api');
INSERT INTO `attendance` VALUES ('1266', '9', '2018-04-03 08:00:00', '2018-04-03 17:00:00', '9', '0', '2018-04-03 00:00:00', 'api', '2018-04-03 08:00:00', 'api');
INSERT INTO `attendance` VALUES ('1267', '9', '2018-04-04 08:00:00', '2018-04-04 17:00:00', '9', '0', '2018-04-04 00:00:00', 'api', '2018-04-04 08:00:00', 'api');
INSERT INTO `attendance` VALUES ('1268', '9', '2018-04-05 08:00:00', '2018-04-05 16:00:00', '8', '0', '2018-04-05 00:00:00', 'api', '2018-04-05 08:00:00', 'api');
INSERT INTO `attendance` VALUES ('1269', '9', '2018-04-06 09:00:00', '2018-04-06 17:00:00', '8', '1', '2018-04-06 00:00:00', 'api', '2018-04-06 09:00:00', 'api');
INSERT INTO `attendance` VALUES ('1270', '9', '2018-04-07 08:00:00', '2018-04-07 17:00:00', '9', '0', '2018-04-07 00:00:00', 'api', '2018-04-07 08:00:00', 'api');
INSERT INTO `attendance` VALUES ('1271', '9', '2018-04-08 08:00:00', '2018-04-08 16:00:00', '8', '0', '2018-04-08 00:00:00', 'api', '2018-04-08 08:00:00', 'api');
INSERT INTO `attendance` VALUES ('1272', '9', '2018-04-09 08:00:00', '2018-04-09 17:00:00', '9', '0', '2018-04-09 00:00:00', 'api', '2018-04-09 08:00:00', 'api');
INSERT INTO `attendance` VALUES ('1273', '9', '2018-04-10 09:00:00', '2018-04-10 16:00:00', '7', '1', '2018-04-10 00:00:00', 'api', '2018-04-10 09:00:00', 'api');
INSERT INTO `attendance` VALUES ('1274', '9', '2018-04-11 09:00:00', '2018-04-11 17:00:00', '8', '1', '2018-04-11 00:00:00', 'api', '2018-04-11 09:00:00', 'api');
INSERT INTO `attendance` VALUES ('1275', '9', '2018-04-12 09:00:00', '2018-04-12 17:00:00', '8', '1', '2018-04-12 00:00:00', 'api', '2018-04-12 09:00:00', 'api');
INSERT INTO `attendance` VALUES ('1276', '9', '2018-04-13 08:00:00', '2018-04-13 16:00:00', '8', '0', '2018-04-13 00:00:00', 'api', '2018-04-13 08:00:00', 'api');
INSERT INTO `attendance` VALUES ('1277', '9', '2018-04-14 08:00:00', '2018-04-14 16:00:00', '8', '0', '2018-04-14 00:00:00', 'api', '2018-04-14 08:00:00', 'api');
INSERT INTO `attendance` VALUES ('1278', '9', '2018-04-15 09:00:00', '2018-04-15 17:00:00', '8', '1', '2018-04-15 00:00:00', 'api', '2018-04-15 09:00:00', 'api');
INSERT INTO `attendance` VALUES ('1279', '9', '2018-04-16 09:00:00', '2018-04-16 17:00:00', '8', '1', '2018-04-16 00:00:00', 'api', '2018-04-16 09:00:00', 'api');
INSERT INTO `attendance` VALUES ('1280', '9', '2018-04-17 08:00:00', '2018-04-17 17:00:00', '9', '0', '2018-04-17 00:00:00', 'api', '2018-04-17 08:00:00', 'api');
INSERT INTO `attendance` VALUES ('1281', '9', '2018-04-18 09:00:00', '2018-04-18 17:00:00', '8', '1', '2018-04-18 00:00:00', 'api', '2018-04-18 09:00:00', 'api');
INSERT INTO `attendance` VALUES ('1282', '9', '2018-04-19 09:00:00', '2018-04-19 16:00:00', '7', '1', '2018-04-19 00:00:00', 'api', '2018-04-19 09:00:00', 'api');
INSERT INTO `attendance` VALUES ('1283', '9', '2018-04-20 08:00:00', '2018-04-20 17:00:00', '9', '0', '2018-04-20 00:00:00', 'api', '2018-04-20 08:00:00', 'api');
INSERT INTO `attendance` VALUES ('1284', '9', '2018-04-21 09:00:00', '2018-04-21 16:00:00', '7', '1', '2018-04-21 00:00:00', 'api', '2018-04-21 09:00:00', 'api');
INSERT INTO `attendance` VALUES ('1285', '9', '2018-04-22 08:00:00', '2018-04-22 17:00:00', '9', '0', '2018-04-22 00:00:00', 'api', '2018-04-22 08:00:00', 'api');
INSERT INTO `attendance` VALUES ('1286', '9', '2018-04-23 09:00:00', '2018-04-23 17:00:00', '8', '1', '2018-04-23 00:00:00', 'api', '2018-04-23 09:00:00', 'api');
INSERT INTO `attendance` VALUES ('1287', '9', '2018-04-24 09:00:00', '2018-04-24 16:00:00', '7', '1', '2018-04-24 00:00:00', 'api', '2018-04-24 09:00:00', 'api');
INSERT INTO `attendance` VALUES ('1288', '9', '2018-04-25 08:00:00', '2018-04-25 17:00:00', '9', '0', '2018-04-25 00:00:00', 'api', '2018-04-25 08:00:00', 'api');
INSERT INTO `attendance` VALUES ('1289', '9', '2018-04-26 08:00:00', '2018-04-26 16:00:00', '8', '0', '2018-04-26 00:00:00', 'api', '2018-04-26 08:00:00', 'api');
INSERT INTO `attendance` VALUES ('1290', '9', '2018-04-27 09:00:00', '2018-04-27 17:00:00', '8', '1', '2018-04-27 00:00:00', 'api', '2018-04-27 09:00:00', 'api');
INSERT INTO `attendance` VALUES ('1291', '9', '2018-04-28 09:00:00', '2018-04-28 17:00:00', '8', '1', '2018-04-28 00:00:00', 'api', '2018-04-28 09:00:00', 'api');
INSERT INTO `attendance` VALUES ('1292', '9', '2018-04-29 08:00:00', '2018-04-29 17:00:00', '9', '0', '2018-04-29 00:00:00', 'api', '2018-04-29 08:00:00', 'api');
INSERT INTO `attendance` VALUES ('1293', '9', '2018-04-30 08:00:00', '2018-04-30 16:00:00', '8', '0', '2018-04-30 00:00:00', 'api', '2018-04-30 08:00:00', 'api');
INSERT INTO `attendance` VALUES ('1294', '10', '2018-04-01 08:00:00', '2018-04-01 17:00:00', '9', '0', '2018-04-01 00:00:00', 'api', '2018-04-01 08:00:00', 'api');
INSERT INTO `attendance` VALUES ('1295', '10', '2018-04-02 09:00:00', '2018-04-02 17:00:00', '8', '1', '2018-04-02 00:00:00', 'api', '2018-04-02 09:00:00', 'api');
INSERT INTO `attendance` VALUES ('1296', '10', '2018-04-03 08:00:00', '2018-04-03 17:00:00', '9', '0', '2018-04-03 00:00:00', 'api', '2018-04-03 08:00:00', 'api');
INSERT INTO `attendance` VALUES ('1297', '10', '2018-04-04 08:00:00', '2018-04-04 16:00:00', '8', '0', '2018-04-04 00:00:00', 'api', '2018-04-04 08:00:00', 'api');
INSERT INTO `attendance` VALUES ('1298', '10', '2018-04-05 09:00:00', '2018-04-05 17:00:00', '8', '1', '2018-04-05 00:00:00', 'api', '2018-04-05 09:00:00', 'api');
INSERT INTO `attendance` VALUES ('1299', '10', '2018-04-06 09:00:00', '2018-04-06 16:00:00', '7', '1', '2018-04-06 00:00:00', 'api', '2018-04-06 09:00:00', 'api');
INSERT INTO `attendance` VALUES ('1300', '10', '2018-04-07 09:00:00', '2018-04-07 16:00:00', '7', '1', '2018-04-07 00:00:00', 'api', '2018-04-07 09:00:00', 'api');
INSERT INTO `attendance` VALUES ('1301', '10', '2018-04-08 09:00:00', '2018-04-08 16:00:00', '7', '1', '2018-04-08 00:00:00', 'api', '2018-04-08 09:00:00', 'api');
INSERT INTO `attendance` VALUES ('1302', '10', '2018-04-09 08:00:00', '2018-04-09 16:00:00', '8', '0', '2018-04-09 00:00:00', 'api', '2018-04-09 08:00:00', 'api');
INSERT INTO `attendance` VALUES ('1303', '10', '2018-04-10 08:00:00', '2018-04-10 17:00:00', '9', '0', '2018-04-10 00:00:00', 'api', '2018-04-10 08:00:00', 'api');
INSERT INTO `attendance` VALUES ('1304', '10', '2018-04-11 09:00:00', '2018-04-11 16:00:00', '7', '1', '2018-04-11 00:00:00', 'api', '2018-04-11 09:00:00', 'api');
INSERT INTO `attendance` VALUES ('1305', '10', '2018-04-12 08:00:00', '2018-04-12 17:00:00', '9', '0', '2018-04-12 00:00:00', 'api', '2018-04-12 08:00:00', 'api');
INSERT INTO `attendance` VALUES ('1306', '10', '2018-04-13 08:00:00', '2018-04-13 16:00:00', '8', '0', '2018-04-13 00:00:00', 'api', '2018-04-13 08:00:00', 'api');
INSERT INTO `attendance` VALUES ('1307', '10', '2018-04-14 09:00:00', '2018-04-14 16:00:00', '7', '1', '2018-04-14 00:00:00', 'api', '2018-04-14 09:00:00', 'api');
INSERT INTO `attendance` VALUES ('1308', '10', '2018-04-15 09:00:00', '2018-04-15 17:00:00', '8', '1', '2018-04-15 00:00:00', 'api', '2018-04-15 09:00:00', 'api');
INSERT INTO `attendance` VALUES ('1309', '10', '2018-04-16 09:00:00', '2018-04-16 16:00:00', '7', '1', '2018-04-16 00:00:00', 'api', '2018-04-16 09:00:00', 'api');
INSERT INTO `attendance` VALUES ('1310', '10', '2018-04-17 08:00:00', '2018-04-17 17:00:00', '9', '0', '2018-04-17 00:00:00', 'api', '2018-04-17 08:00:00', 'api');
INSERT INTO `attendance` VALUES ('1311', '10', '2018-04-18 09:00:00', '2018-04-18 16:00:00', '7', '1', '2018-04-18 00:00:00', 'api', '2018-04-18 09:00:00', 'api');
INSERT INTO `attendance` VALUES ('1312', '10', '2018-04-19 08:00:00', '2018-04-19 17:00:00', '9', '0', '2018-04-19 00:00:00', 'api', '2018-04-19 08:00:00', 'api');
INSERT INTO `attendance` VALUES ('1313', '10', '2018-04-20 08:00:00', '2018-04-20 17:00:00', '9', '0', '2018-04-20 00:00:00', 'api', '2018-04-20 08:00:00', 'api');
INSERT INTO `attendance` VALUES ('1314', '10', '2018-04-21 09:00:00', '2018-04-21 16:00:00', '7', '1', '2018-04-21 00:00:00', 'api', '2018-04-21 09:00:00', 'api');
INSERT INTO `attendance` VALUES ('1315', '10', '2018-04-22 08:00:00', '2018-04-22 17:00:00', '9', '0', '2018-04-22 00:00:00', 'api', '2018-04-22 08:00:00', 'api');
INSERT INTO `attendance` VALUES ('1316', '10', '2018-04-23 08:00:00', '2018-04-23 16:00:00', '8', '0', '2018-04-23 00:00:00', 'api', '2018-04-23 08:00:00', 'api');
INSERT INTO `attendance` VALUES ('1317', '10', '2018-04-24 09:00:00', '2018-04-24 16:00:00', '7', '1', '2018-04-24 00:00:00', 'api', '2018-04-24 09:00:00', 'api');
INSERT INTO `attendance` VALUES ('1318', '10', '2018-04-25 08:00:00', '2018-04-25 17:00:00', '9', '0', '2018-04-25 00:00:00', 'api', '2018-04-25 08:00:00', 'api');
INSERT INTO `attendance` VALUES ('1319', '10', '2018-04-26 08:00:00', '2018-04-26 17:00:00', '9', '0', '2018-04-26 00:00:00', 'api', '2018-04-26 08:00:00', 'api');
INSERT INTO `attendance` VALUES ('1320', '10', '2018-04-27 08:00:00', '2018-04-27 17:00:00', '9', '0', '2018-04-27 00:00:00', 'api', '2018-04-27 08:00:00', 'api');
INSERT INTO `attendance` VALUES ('1321', '10', '2018-04-28 08:00:00', '2018-04-28 17:00:00', '9', '0', '2018-04-28 00:00:00', 'api', '2018-04-28 08:00:00', 'api');
INSERT INTO `attendance` VALUES ('1322', '10', '2018-04-29 09:00:00', '2018-04-29 17:00:00', '8', '1', '2018-04-29 00:00:00', 'api', '2018-04-29 09:00:00', 'api');
INSERT INTO `attendance` VALUES ('1323', '10', '2018-04-30 08:00:00', '2018-04-30 16:00:00', '8', '0', '2018-04-30 00:00:00', 'api', '2018-04-30 08:00:00', 'api');
INSERT INTO `attendance` VALUES ('1324', '11', '2018-04-01 08:00:00', '2018-04-01 17:00:00', '9', '0', '2018-04-01 00:00:00', 'api', '2018-04-01 08:00:00', 'api');
INSERT INTO `attendance` VALUES ('1325', '11', '2018-04-02 08:00:00', '2018-04-02 17:00:00', '9', '0', '2018-04-02 00:00:00', 'api', '2018-04-02 08:00:00', 'api');
INSERT INTO `attendance` VALUES ('1326', '11', '2018-04-03 08:00:00', '2018-04-03 17:00:00', '9', '0', '2018-04-03 00:00:00', 'api', '2018-04-03 08:00:00', 'api');
INSERT INTO `attendance` VALUES ('1327', '11', '2018-04-04 09:00:00', '2018-04-04 16:00:00', '7', '1', '2018-04-04 00:00:00', 'api', '2018-04-04 09:00:00', 'api');
INSERT INTO `attendance` VALUES ('1328', '11', '2018-04-05 09:00:00', '2018-04-05 16:00:00', '7', '1', '2018-04-05 00:00:00', 'api', '2018-04-05 09:00:00', 'api');
INSERT INTO `attendance` VALUES ('1329', '11', '2018-04-06 08:00:00', '2018-04-06 16:00:00', '8', '0', '2018-04-06 00:00:00', 'api', '2018-04-06 08:00:00', 'api');
INSERT INTO `attendance` VALUES ('1330', '11', '2018-04-07 09:00:00', '2018-04-07 16:00:00', '7', '1', '2018-04-07 00:00:00', 'api', '2018-04-07 09:00:00', 'api');
INSERT INTO `attendance` VALUES ('1331', '11', '2018-04-08 09:00:00', '2018-04-08 17:00:00', '8', '1', '2018-04-08 00:00:00', 'api', '2018-04-08 09:00:00', 'api');
INSERT INTO `attendance` VALUES ('1332', '11', '2018-04-09 08:00:00', '2018-04-09 16:00:00', '8', '0', '2018-04-09 00:00:00', 'api', '2018-04-09 08:00:00', 'api');
INSERT INTO `attendance` VALUES ('1333', '11', '2018-04-10 08:00:00', '2018-04-10 16:00:00', '8', '0', '2018-04-10 00:00:00', 'api', '2018-04-10 08:00:00', 'api');
INSERT INTO `attendance` VALUES ('1334', '11', '2018-04-11 09:00:00', '2018-04-11 17:00:00', '8', '1', '2018-04-11 00:00:00', 'api', '2018-04-11 09:00:00', 'api');
INSERT INTO `attendance` VALUES ('1335', '11', '2018-04-12 08:00:00', '2018-04-12 17:00:00', '9', '0', '2018-04-12 00:00:00', 'api', '2018-04-12 08:00:00', 'api');
INSERT INTO `attendance` VALUES ('1336', '11', '2018-04-13 09:00:00', '2018-04-13 17:00:00', '8', '1', '2018-04-13 00:00:00', 'api', '2018-04-13 09:00:00', 'api');
INSERT INTO `attendance` VALUES ('1337', '11', '2018-04-14 08:00:00', '2018-04-14 16:00:00', '8', '0', '2018-04-14 00:00:00', 'api', '2018-04-14 08:00:00', 'api');
INSERT INTO `attendance` VALUES ('1338', '11', '2018-04-15 08:00:00', '2018-04-15 17:00:00', '9', '0', '2018-04-15 00:00:00', 'api', '2018-04-15 08:00:00', 'api');
INSERT INTO `attendance` VALUES ('1339', '11', '2018-04-16 08:00:00', '2018-04-16 17:00:00', '9', '0', '2018-04-16 00:00:00', 'api', '2018-04-16 08:00:00', 'api');
INSERT INTO `attendance` VALUES ('1340', '11', '2018-04-17 09:00:00', '2018-04-17 17:00:00', '8', '1', '2018-04-17 00:00:00', 'api', '2018-04-17 09:00:00', 'api');
INSERT INTO `attendance` VALUES ('1341', '11', '2018-04-18 09:00:00', '2018-04-18 17:00:00', '8', '1', '2018-04-18 00:00:00', 'api', '2018-04-18 09:00:00', 'api');
INSERT INTO `attendance` VALUES ('1342', '11', '2018-04-19 08:00:00', '2018-04-19 16:00:00', '8', '0', '2018-04-19 00:00:00', 'api', '2018-04-19 08:00:00', 'api');
INSERT INTO `attendance` VALUES ('1343', '11', '2018-04-20 09:00:00', '2018-04-20 17:00:00', '8', '1', '2018-04-20 00:00:00', 'api', '2018-04-20 09:00:00', 'api');
INSERT INTO `attendance` VALUES ('1344', '11', '2018-04-21 09:00:00', '2018-04-21 17:00:00', '8', '1', '2018-04-21 00:00:00', 'api', '2018-04-21 09:00:00', 'api');
INSERT INTO `attendance` VALUES ('1345', '11', '2018-04-22 08:00:00', '2018-04-22 16:00:00', '8', '0', '2018-04-22 00:00:00', 'api', '2018-04-22 08:00:00', 'api');
INSERT INTO `attendance` VALUES ('1346', '11', '2018-04-23 09:00:00', '2018-04-23 16:00:00', '7', '1', '2018-04-23 00:00:00', 'api', '2018-04-23 09:00:00', 'api');
INSERT INTO `attendance` VALUES ('1347', '11', '2018-04-24 08:00:00', '2018-04-24 16:00:00', '8', '0', '2018-04-24 00:00:00', 'api', '2018-04-24 08:00:00', 'api');
INSERT INTO `attendance` VALUES ('1348', '11', '2018-04-25 09:00:00', '2018-04-25 16:00:00', '7', '1', '2018-04-25 00:00:00', 'api', '2018-04-25 09:00:00', 'api');
INSERT INTO `attendance` VALUES ('1349', '11', '2018-04-26 08:00:00', '2018-04-26 16:00:00', '8', '0', '2018-04-26 00:00:00', 'api', '2018-04-26 08:00:00', 'api');
INSERT INTO `attendance` VALUES ('1350', '11', '2018-04-27 09:00:00', '2018-04-27 16:00:00', '7', '1', '2018-04-27 00:00:00', 'api', '2018-04-27 09:00:00', 'api');
INSERT INTO `attendance` VALUES ('1351', '11', '2018-04-28 08:00:00', '2018-04-28 16:00:00', '8', '0', '2018-04-28 00:00:00', 'api', '2018-04-28 08:00:00', 'api');
INSERT INTO `attendance` VALUES ('1352', '11', '2018-04-29 08:00:00', '2018-04-29 17:00:00', '9', '0', '2018-04-29 00:00:00', 'api', '2018-04-29 08:00:00', 'api');
INSERT INTO `attendance` VALUES ('1353', '11', '2018-04-30 08:00:00', '2018-04-30 17:00:00', '9', '0', '2018-04-30 00:00:00', 'api', '2018-04-30 08:00:00', 'api');
INSERT INTO `attendance` VALUES ('1354', '12', '2018-04-01 09:00:00', '2018-04-01 17:00:00', '8', '1', '2018-04-01 00:00:00', 'api', '2018-04-01 09:00:00', 'api');
INSERT INTO `attendance` VALUES ('1355', '12', '2018-04-02 08:00:00', '2018-04-02 17:00:00', '9', '0', '2018-04-02 00:00:00', 'api', '2018-04-02 08:00:00', 'api');
INSERT INTO `attendance` VALUES ('1356', '12', '2018-04-03 08:00:00', '2018-04-03 17:00:00', '9', '0', '2018-04-03 00:00:00', 'api', '2018-04-03 08:00:00', 'api');
INSERT INTO `attendance` VALUES ('1357', '12', '2018-04-04 08:00:00', '2018-04-04 17:00:00', '9', '0', '2018-04-04 00:00:00', 'api', '2018-04-04 08:00:00', 'api');
INSERT INTO `attendance` VALUES ('1358', '12', '2018-04-05 08:00:00', '2018-04-05 17:00:00', '9', '0', '2018-04-05 00:00:00', 'api', '2018-04-05 08:00:00', 'api');
INSERT INTO `attendance` VALUES ('1359', '12', '2018-04-06 08:00:00', '2018-04-06 16:00:00', '8', '0', '2018-04-06 00:00:00', 'api', '2018-04-06 08:00:00', 'api');
INSERT INTO `attendance` VALUES ('1360', '12', '2018-04-07 08:00:00', '2018-04-07 17:00:00', '9', '0', '2018-04-07 00:00:00', 'api', '2018-04-07 08:00:00', 'api');
INSERT INTO `attendance` VALUES ('1361', '12', '2018-04-08 09:00:00', '2018-04-08 16:00:00', '7', '1', '2018-04-08 00:00:00', 'api', '2018-04-08 09:00:00', 'api');
INSERT INTO `attendance` VALUES ('1362', '12', '2018-04-09 08:00:00', '2018-04-09 16:00:00', '8', '0', '2018-04-09 00:00:00', 'api', '2018-04-09 08:00:00', 'api');
INSERT INTO `attendance` VALUES ('1363', '12', '2018-04-10 08:00:00', '2018-04-10 16:00:00', '8', '0', '2018-04-10 00:00:00', 'api', '2018-04-10 08:00:00', 'api');
INSERT INTO `attendance` VALUES ('1364', '12', '2018-04-11 08:00:00', '2018-04-11 17:00:00', '9', '0', '2018-04-11 00:00:00', 'api', '2018-04-11 08:00:00', 'api');
INSERT INTO `attendance` VALUES ('1365', '12', '2018-04-12 09:00:00', '2018-04-12 16:00:00', '7', '1', '2018-04-12 00:00:00', 'api', '2018-04-12 09:00:00', 'api');
INSERT INTO `attendance` VALUES ('1366', '12', '2018-04-13 08:00:00', '2018-04-13 16:00:00', '8', '0', '2018-04-13 00:00:00', 'api', '2018-04-13 08:00:00', 'api');
INSERT INTO `attendance` VALUES ('1367', '12', '2018-04-14 08:00:00', '2018-04-14 16:00:00', '8', '0', '2018-04-14 00:00:00', 'api', '2018-04-14 08:00:00', 'api');
INSERT INTO `attendance` VALUES ('1368', '12', '2018-04-15 09:00:00', '2018-04-15 17:00:00', '8', '1', '2018-04-15 00:00:00', 'api', '2018-04-15 09:00:00', 'api');
INSERT INTO `attendance` VALUES ('1369', '12', '2018-04-16 08:00:00', '2018-04-16 17:00:00', '9', '0', '2018-04-16 00:00:00', 'api', '2018-04-16 08:00:00', 'api');
INSERT INTO `attendance` VALUES ('1370', '12', '2018-04-17 09:00:00', '2018-04-17 17:00:00', '8', '1', '2018-04-17 00:00:00', 'api', '2018-04-17 09:00:00', 'api');
INSERT INTO `attendance` VALUES ('1371', '12', '2018-04-18 09:00:00', '2018-04-18 17:00:00', '8', '1', '2018-04-18 00:00:00', 'api', '2018-04-18 09:00:00', 'api');
INSERT INTO `attendance` VALUES ('1372', '12', '2018-04-19 08:00:00', '2018-04-19 16:00:00', '8', '0', '2018-04-19 00:00:00', 'api', '2018-04-19 08:00:00', 'api');
INSERT INTO `attendance` VALUES ('1373', '12', '2018-04-20 09:00:00', '2018-04-20 16:00:00', '7', '1', '2018-04-20 00:00:00', 'api', '2018-04-20 09:00:00', 'api');
INSERT INTO `attendance` VALUES ('1374', '12', '2018-04-21 09:00:00', '2018-04-21 16:00:00', '7', '1', '2018-04-21 00:00:00', 'api', '2018-04-21 09:00:00', 'api');
INSERT INTO `attendance` VALUES ('1375', '12', '2018-04-22 08:00:00', '2018-04-22 17:00:00', '9', '0', '2018-04-22 00:00:00', 'api', '2018-04-22 08:00:00', 'api');
INSERT INTO `attendance` VALUES ('1376', '12', '2018-04-23 09:00:00', '2018-04-23 16:00:00', '7', '1', '2018-04-23 00:00:00', 'api', '2018-04-23 09:00:00', 'api');
INSERT INTO `attendance` VALUES ('1377', '12', '2018-04-24 09:00:00', '2018-04-24 17:00:00', '8', '1', '2018-04-24 00:00:00', 'api', '2018-04-24 09:00:00', 'api');
INSERT INTO `attendance` VALUES ('1378', '12', '2018-04-25 09:00:00', '2018-04-25 16:00:00', '7', '1', '2018-04-25 00:00:00', 'api', '2018-04-25 09:00:00', 'api');
INSERT INTO `attendance` VALUES ('1379', '12', '2018-04-26 08:00:00', '2018-04-26 16:00:00', '8', '0', '2018-04-26 00:00:00', 'api', '2018-04-26 08:00:00', 'api');
INSERT INTO `attendance` VALUES ('1380', '12', '2018-04-27 09:00:00', '2018-04-27 17:00:00', '8', '1', '2018-04-27 00:00:00', 'api', '2018-04-27 09:00:00', 'api');
INSERT INTO `attendance` VALUES ('1381', '12', '2018-04-28 08:00:00', '2018-04-28 17:00:00', '9', '0', '2018-04-28 00:00:00', 'api', '2018-04-28 08:00:00', 'api');
INSERT INTO `attendance` VALUES ('1382', '12', '2018-04-29 09:00:00', '2018-04-29 17:00:00', '8', '1', '2018-04-29 00:00:00', 'api', '2018-04-29 09:00:00', 'api');
INSERT INTO `attendance` VALUES ('1383', '12', '2018-04-30 09:00:00', '2018-04-30 16:00:00', '7', '1', '2018-04-30 00:00:00', 'api', '2018-04-30 09:00:00', 'api');
INSERT INTO `attendance` VALUES ('1384', '13', '2018-04-01 08:00:00', '2018-04-01 16:00:00', '8', '0', '2018-04-01 00:00:00', 'api', '2018-04-01 08:00:00', 'api');
INSERT INTO `attendance` VALUES ('1385', '13', '2018-04-02 08:00:00', '2018-04-02 16:00:00', '8', '0', '2018-04-02 00:00:00', 'api', '2018-04-02 08:00:00', 'api');
INSERT INTO `attendance` VALUES ('1386', '13', '2018-04-03 08:00:00', '2018-04-03 16:00:00', '8', '0', '2018-04-03 00:00:00', 'api', '2018-04-03 08:00:00', 'api');
INSERT INTO `attendance` VALUES ('1387', '13', '2018-04-04 09:00:00', '2018-04-04 16:00:00', '7', '1', '2018-04-04 00:00:00', 'api', '2018-04-04 09:00:00', 'api');
INSERT INTO `attendance` VALUES ('1388', '13', '2018-04-05 08:00:00', '2018-04-05 17:00:00', '9', '0', '2018-04-05 00:00:00', 'api', '2018-04-05 08:00:00', 'api');
INSERT INTO `attendance` VALUES ('1389', '13', '2018-04-06 08:00:00', '2018-04-06 16:00:00', '8', '0', '2018-04-06 00:00:00', 'api', '2018-04-06 08:00:00', 'api');
INSERT INTO `attendance` VALUES ('1390', '13', '2018-04-07 08:00:00', '2018-04-07 16:00:00', '8', '0', '2018-04-07 00:00:00', 'api', '2018-04-07 08:00:00', 'api');
INSERT INTO `attendance` VALUES ('1391', '13', '2018-04-08 08:00:00', '2018-04-08 16:00:00', '8', '0', '2018-04-08 00:00:00', 'api', '2018-04-08 08:00:00', 'api');
INSERT INTO `attendance` VALUES ('1392', '13', '2018-04-09 09:00:00', '2018-04-09 16:00:00', '7', '1', '2018-04-09 00:00:00', 'api', '2018-04-09 09:00:00', 'api');
INSERT INTO `attendance` VALUES ('1393', '13', '2018-04-10 08:00:00', '2018-04-10 16:00:00', '8', '0', '2018-04-10 00:00:00', 'api', '2018-04-10 08:00:00', 'api');
INSERT INTO `attendance` VALUES ('1394', '13', '2018-04-11 09:00:00', '2018-04-11 16:00:00', '7', '1', '2018-04-11 00:00:00', 'api', '2018-04-11 09:00:00', 'api');
INSERT INTO `attendance` VALUES ('1395', '13', '2018-04-12 09:00:00', '2018-04-12 17:00:00', '8', '1', '2018-04-12 00:00:00', 'api', '2018-04-12 09:00:00', 'api');
INSERT INTO `attendance` VALUES ('1396', '13', '2018-04-13 09:00:00', '2018-04-13 17:00:00', '8', '1', '2018-04-13 00:00:00', 'api', '2018-04-13 09:00:00', 'api');
INSERT INTO `attendance` VALUES ('1397', '13', '2018-04-14 09:00:00', '2018-04-14 16:00:00', '7', '1', '2018-04-14 00:00:00', 'api', '2018-04-14 09:00:00', 'api');
INSERT INTO `attendance` VALUES ('1398', '13', '2018-04-15 09:00:00', '2018-04-15 17:00:00', '8', '1', '2018-04-15 00:00:00', 'api', '2018-04-15 09:00:00', 'api');
INSERT INTO `attendance` VALUES ('1399', '13', '2018-04-16 08:00:00', '2018-04-16 17:00:00', '9', '0', '2018-04-16 00:00:00', 'api', '2018-04-16 08:00:00', 'api');
INSERT INTO `attendance` VALUES ('1400', '13', '2018-04-17 08:00:00', '2018-04-17 17:00:00', '9', '0', '2018-04-17 00:00:00', 'api', '2018-04-17 08:00:00', 'api');
INSERT INTO `attendance` VALUES ('1401', '13', '2018-04-18 09:00:00', '2018-04-18 17:00:00', '8', '1', '2018-04-18 00:00:00', 'api', '2018-04-18 09:00:00', 'api');
INSERT INTO `attendance` VALUES ('1402', '13', '2018-04-19 09:00:00', '2018-04-19 17:00:00', '8', '1', '2018-04-19 00:00:00', 'api', '2018-04-19 09:00:00', 'api');
INSERT INTO `attendance` VALUES ('1403', '13', '2018-04-20 09:00:00', '2018-04-20 17:00:00', '8', '1', '2018-04-20 00:00:00', 'api', '2018-04-20 09:00:00', 'api');
INSERT INTO `attendance` VALUES ('1404', '13', '2018-04-21 08:00:00', '2018-04-21 16:00:00', '8', '0', '2018-04-21 00:00:00', 'api', '2018-04-21 08:00:00', 'api');
INSERT INTO `attendance` VALUES ('1405', '13', '2018-04-22 09:00:00', '2018-04-22 17:00:00', '8', '1', '2018-04-22 00:00:00', 'api', '2018-04-22 09:00:00', 'api');
INSERT INTO `attendance` VALUES ('1406', '13', '2018-04-23 09:00:00', '2018-04-23 17:00:00', '8', '1', '2018-04-23 00:00:00', 'api', '2018-04-23 09:00:00', 'api');
INSERT INTO `attendance` VALUES ('1407', '13', '2018-04-24 08:00:00', '2018-04-24 17:00:00', '9', '0', '2018-04-24 00:00:00', 'api', '2018-04-24 08:00:00', 'api');
INSERT INTO `attendance` VALUES ('1408', '13', '2018-04-25 09:00:00', '2018-04-25 16:00:00', '7', '1', '2018-04-25 00:00:00', 'api', '2018-04-25 09:00:00', 'api');
INSERT INTO `attendance` VALUES ('1409', '13', '2018-04-26 08:00:00', '2018-04-26 16:00:00', '8', '0', '2018-04-26 00:00:00', 'api', '2018-04-26 08:00:00', 'api');
INSERT INTO `attendance` VALUES ('1410', '13', '2018-04-27 08:00:00', '2018-04-27 17:00:00', '9', '0', '2018-04-27 00:00:00', 'api', '2018-04-27 08:00:00', 'api');
INSERT INTO `attendance` VALUES ('1411', '13', '2018-04-28 08:00:00', '2018-04-28 17:00:00', '9', '0', '2018-04-28 00:00:00', 'api', '2018-04-28 08:00:00', 'api');
INSERT INTO `attendance` VALUES ('1412', '13', '2018-04-29 08:00:00', '2018-04-29 17:00:00', '9', '0', '2018-04-29 00:00:00', 'api', '2018-04-29 08:00:00', 'api');
INSERT INTO `attendance` VALUES ('1413', '13', '2018-04-30 08:00:00', '2018-04-30 16:00:00', '8', '0', '2018-04-30 00:00:00', 'api', '2018-04-30 08:00:00', 'api');
INSERT INTO `attendance` VALUES ('1414', '14', '2018-04-01 09:00:00', '2018-04-01 16:00:00', '7', '1', '2018-04-01 00:00:00', 'api', '2018-04-01 09:00:00', 'api');
INSERT INTO `attendance` VALUES ('1415', '14', '2018-04-02 08:00:00', '2018-04-02 16:00:00', '8', '0', '2018-04-02 00:00:00', 'api', '2018-04-02 08:00:00', 'api');
INSERT INTO `attendance` VALUES ('1416', '14', '2018-04-03 09:00:00', '2018-04-03 17:00:00', '8', '1', '2018-04-03 00:00:00', 'api', '2018-04-03 09:00:00', 'api');
INSERT INTO `attendance` VALUES ('1417', '14', '2018-04-04 09:00:00', '2018-04-04 17:00:00', '8', '1', '2018-04-04 00:00:00', 'api', '2018-04-04 09:00:00', 'api');
INSERT INTO `attendance` VALUES ('1418', '14', '2018-04-05 08:00:00', '2018-04-05 17:00:00', '9', '0', '2018-04-05 00:00:00', 'api', '2018-04-05 08:00:00', 'api');
INSERT INTO `attendance` VALUES ('1419', '14', '2018-04-06 08:00:00', '2018-04-06 16:00:00', '8', '0', '2018-04-06 00:00:00', 'api', '2018-04-06 08:00:00', 'api');
INSERT INTO `attendance` VALUES ('1420', '14', '2018-04-07 09:00:00', '2018-04-07 17:00:00', '8', '1', '2018-04-07 00:00:00', 'api', '2018-04-07 09:00:00', 'api');
INSERT INTO `attendance` VALUES ('1421', '14', '2018-04-08 08:00:00', '2018-04-08 17:00:00', '9', '0', '2018-04-08 00:00:00', 'api', '2018-04-08 08:00:00', 'api');
INSERT INTO `attendance` VALUES ('1422', '14', '2018-04-09 08:00:00', '2018-04-09 16:00:00', '8', '0', '2018-04-09 00:00:00', 'api', '2018-04-09 08:00:00', 'api');
INSERT INTO `attendance` VALUES ('1423', '14', '2018-04-10 09:00:00', '2018-04-10 16:00:00', '7', '1', '2018-04-10 00:00:00', 'api', '2018-04-10 09:00:00', 'api');
INSERT INTO `attendance` VALUES ('1424', '14', '2018-04-11 09:00:00', '2018-04-11 17:00:00', '8', '1', '2018-04-11 00:00:00', 'api', '2018-04-11 09:00:00', 'api');
INSERT INTO `attendance` VALUES ('1425', '14', '2018-04-12 08:00:00', '2018-04-12 16:00:00', '8', '0', '2018-04-12 00:00:00', 'api', '2018-04-12 08:00:00', 'api');
INSERT INTO `attendance` VALUES ('1426', '14', '2018-04-13 09:00:00', '2018-04-13 16:00:00', '7', '1', '2018-04-13 00:00:00', 'api', '2018-04-13 09:00:00', 'api');
INSERT INTO `attendance` VALUES ('1427', '14', '2018-04-14 09:00:00', '2018-04-14 16:00:00', '7', '1', '2018-04-14 00:00:00', 'api', '2018-04-14 09:00:00', 'api');
INSERT INTO `attendance` VALUES ('1428', '14', '2018-04-15 08:00:00', '2018-04-15 17:00:00', '9', '0', '2018-04-15 00:00:00', 'api', '2018-04-15 08:00:00', 'api');
INSERT INTO `attendance` VALUES ('1429', '14', '2018-04-16 08:00:00', '2018-04-16 16:00:00', '8', '0', '2018-04-16 00:00:00', 'api', '2018-04-16 08:00:00', 'api');
INSERT INTO `attendance` VALUES ('1430', '14', '2018-04-17 08:00:00', '2018-04-17 16:00:00', '8', '0', '2018-04-17 00:00:00', 'api', '2018-04-17 08:00:00', 'api');
INSERT INTO `attendance` VALUES ('1431', '14', '2018-04-18 09:00:00', '2018-04-18 16:00:00', '7', '1', '2018-04-18 00:00:00', 'api', '2018-04-18 09:00:00', 'api');
INSERT INTO `attendance` VALUES ('1432', '14', '2018-04-19 08:00:00', '2018-04-19 16:00:00', '8', '0', '2018-04-19 00:00:00', 'api', '2018-04-19 08:00:00', 'api');
INSERT INTO `attendance` VALUES ('1433', '14', '2018-04-20 09:00:00', '2018-04-20 16:00:00', '7', '1', '2018-04-20 00:00:00', 'api', '2018-04-20 09:00:00', 'api');
INSERT INTO `attendance` VALUES ('1434', '14', '2018-04-21 09:00:00', '2018-04-21 16:00:00', '7', '1', '2018-04-21 00:00:00', 'api', '2018-04-21 09:00:00', 'api');
INSERT INTO `attendance` VALUES ('1435', '14', '2018-04-22 09:00:00', '2018-04-22 16:00:00', '7', '1', '2018-04-22 00:00:00', 'api', '2018-04-22 09:00:00', 'api');
INSERT INTO `attendance` VALUES ('1436', '14', '2018-04-23 08:00:00', '2018-04-23 16:00:00', '8', '0', '2018-04-23 00:00:00', 'api', '2018-04-23 08:00:00', 'api');
INSERT INTO `attendance` VALUES ('1437', '14', '2018-04-24 09:00:00', '2018-04-24 16:00:00', '7', '1', '2018-04-24 00:00:00', 'api', '2018-04-24 09:00:00', 'api');
INSERT INTO `attendance` VALUES ('1438', '14', '2018-04-25 08:00:00', '2018-04-25 17:00:00', '9', '0', '2018-04-25 00:00:00', 'api', '2018-04-25 08:00:00', 'api');
INSERT INTO `attendance` VALUES ('1439', '14', '2018-04-26 08:00:00', '2018-04-26 16:00:00', '8', '0', '2018-04-26 00:00:00', 'api', '2018-04-26 08:00:00', 'api');
INSERT INTO `attendance` VALUES ('1440', '14', '2018-04-27 09:00:00', '2018-04-27 17:00:00', '8', '1', '2018-04-27 00:00:00', 'api', '2018-04-27 09:00:00', 'api');
INSERT INTO `attendance` VALUES ('1441', '14', '2018-04-28 09:00:00', '2018-04-28 16:00:00', '7', '1', '2018-04-28 00:00:00', 'api', '2018-04-28 09:00:00', 'api');
INSERT INTO `attendance` VALUES ('1442', '14', '2018-04-29 09:00:00', '2018-04-29 17:00:00', '8', '1', '2018-04-29 00:00:00', 'api', '2018-04-29 09:00:00', 'api');
INSERT INTO `attendance` VALUES ('1443', '14', '2018-04-30 08:00:00', '2018-04-30 16:00:00', '8', '0', '2018-04-30 00:00:00', 'api', '2018-04-30 08:00:00', 'api');
INSERT INTO `attendance` VALUES ('1444', '15', '2018-04-01 09:00:00', '2018-04-01 17:00:00', '8', '1', '2018-04-01 00:00:00', 'api', '2018-04-01 09:00:00', 'api');
INSERT INTO `attendance` VALUES ('1445', '15', '2018-04-02 09:00:00', '2018-04-02 17:00:00', '8', '1', '2018-04-02 00:00:00', 'api', '2018-04-02 09:00:00', 'api');
INSERT INTO `attendance` VALUES ('1446', '15', '2018-04-03 09:00:00', '2018-04-03 16:00:00', '7', '1', '2018-04-03 00:00:00', 'api', '2018-04-03 09:00:00', 'api');
INSERT INTO `attendance` VALUES ('1447', '15', '2018-04-04 09:00:00', '2018-04-04 16:00:00', '7', '1', '2018-04-04 00:00:00', 'api', '2018-04-04 09:00:00', 'api');
INSERT INTO `attendance` VALUES ('1448', '15', '2018-04-05 09:00:00', '2018-04-05 17:00:00', '8', '1', '2018-04-05 00:00:00', 'api', '2018-04-05 09:00:00', 'api');
INSERT INTO `attendance` VALUES ('1449', '15', '2018-04-06 08:00:00', '2018-04-06 16:00:00', '8', '0', '2018-04-06 00:00:00', 'api', '2018-04-06 08:00:00', 'api');
INSERT INTO `attendance` VALUES ('1450', '15', '2018-04-07 08:00:00', '2018-04-07 17:00:00', '9', '0', '2018-04-07 00:00:00', 'api', '2018-04-07 08:00:00', 'api');
INSERT INTO `attendance` VALUES ('1451', '15', '2018-04-08 08:00:00', '2018-04-08 17:00:00', '9', '0', '2018-04-08 00:00:00', 'api', '2018-04-08 08:00:00', 'api');
INSERT INTO `attendance` VALUES ('1452', '15', '2018-04-09 09:00:00', '2018-04-09 17:00:00', '8', '1', '2018-04-09 00:00:00', 'api', '2018-04-09 09:00:00', 'api');
INSERT INTO `attendance` VALUES ('1453', '15', '2018-04-10 08:00:00', '2018-04-10 16:00:00', '8', '0', '2018-04-10 00:00:00', 'api', '2018-04-10 08:00:00', 'api');
INSERT INTO `attendance` VALUES ('1454', '15', '2018-04-11 08:00:00', '2018-04-11 17:00:00', '9', '0', '2018-04-11 00:00:00', 'api', '2018-04-11 08:00:00', 'api');
INSERT INTO `attendance` VALUES ('1455', '15', '2018-04-12 08:00:00', '2018-04-12 16:00:00', '8', '0', '2018-04-12 00:00:00', 'api', '2018-04-12 08:00:00', 'api');
INSERT INTO `attendance` VALUES ('1456', '15', '2018-04-13 08:00:00', '2018-04-13 17:00:00', '9', '0', '2018-04-13 00:00:00', 'api', '2018-04-13 08:00:00', 'api');
INSERT INTO `attendance` VALUES ('1457', '15', '2018-04-14 09:00:00', '2018-04-14 17:00:00', '8', '1', '2018-04-14 00:00:00', 'api', '2018-04-14 09:00:00', 'api');
INSERT INTO `attendance` VALUES ('1458', '15', '2018-04-15 09:00:00', '2018-04-15 16:00:00', '7', '1', '2018-04-15 00:00:00', 'api', '2018-04-15 09:00:00', 'api');
INSERT INTO `attendance` VALUES ('1459', '15', '2018-04-16 09:00:00', '2018-04-16 16:00:00', '7', '1', '2018-04-16 00:00:00', 'api', '2018-04-16 09:00:00', 'api');
INSERT INTO `attendance` VALUES ('1460', '15', '2018-04-17 08:00:00', '2018-04-17 17:00:00', '9', '0', '2018-04-17 00:00:00', 'api', '2018-04-17 08:00:00', 'api');
INSERT INTO `attendance` VALUES ('1461', '15', '2018-04-18 08:00:00', '2018-04-18 16:00:00', '8', '0', '2018-04-18 00:00:00', 'api', '2018-04-18 08:00:00', 'api');
INSERT INTO `attendance` VALUES ('1462', '15', '2018-04-19 08:00:00', '2018-04-19 17:00:00', '9', '0', '2018-04-19 00:00:00', 'api', '2018-04-19 08:00:00', 'api');
INSERT INTO `attendance` VALUES ('1463', '15', '2018-04-20 08:00:00', '2018-04-20 17:00:00', '9', '0', '2018-04-20 00:00:00', 'api', '2018-04-20 08:00:00', 'api');
INSERT INTO `attendance` VALUES ('1464', '15', '2018-04-21 09:00:00', '2018-04-21 16:00:00', '7', '1', '2018-04-21 00:00:00', 'api', '2018-04-21 09:00:00', 'api');
INSERT INTO `attendance` VALUES ('1465', '15', '2018-04-22 08:00:00', '2018-04-22 17:00:00', '9', '0', '2018-04-22 00:00:00', 'api', '2018-04-22 08:00:00', 'api');
INSERT INTO `attendance` VALUES ('1466', '15', '2018-04-23 09:00:00', '2018-04-23 17:00:00', '8', '1', '2018-04-23 00:00:00', 'api', '2018-04-23 09:00:00', 'api');
INSERT INTO `attendance` VALUES ('1467', '15', '2018-04-24 09:00:00', '2018-04-24 17:00:00', '8', '1', '2018-04-24 00:00:00', 'api', '2018-04-24 09:00:00', 'api');
INSERT INTO `attendance` VALUES ('1468', '15', '2018-04-25 09:00:00', '2018-04-25 16:00:00', '7', '1', '2018-04-25 00:00:00', 'api', '2018-04-25 09:00:00', 'api');
INSERT INTO `attendance` VALUES ('1469', '15', '2018-04-26 09:00:00', '2018-04-26 16:00:00', '7', '1', '2018-04-26 00:00:00', 'api', '2018-04-26 09:00:00', 'api');
INSERT INTO `attendance` VALUES ('1470', '15', '2018-04-27 08:00:00', '2018-04-27 17:00:00', '9', '0', '2018-04-27 00:00:00', 'api', '2018-04-27 08:00:00', 'api');
INSERT INTO `attendance` VALUES ('1471', '15', '2018-04-28 08:00:00', '2018-04-28 16:00:00', '8', '0', '2018-04-28 00:00:00', 'api', '2018-04-28 08:00:00', 'api');
INSERT INTO `attendance` VALUES ('1472', '15', '2018-04-29 08:00:00', '2018-04-29 16:00:00', '8', '0', '2018-04-29 00:00:00', 'api', '2018-04-29 08:00:00', 'api');
INSERT INTO `attendance` VALUES ('1473', '15', '2018-04-30 09:00:00', '2018-04-30 16:00:00', '7', '1', '2018-04-30 00:00:00', 'api', '2018-04-30 09:00:00', 'api');
INSERT INTO `attendance` VALUES ('1474', '16', '2018-04-01 09:00:00', '2018-04-01 17:00:00', '8', '1', '2018-04-01 00:00:00', 'api', '2018-04-01 09:00:00', 'api');
INSERT INTO `attendance` VALUES ('1475', '16', '2018-04-02 09:00:00', '2018-04-02 16:00:00', '7', '1', '2018-04-02 00:00:00', 'api', '2018-04-02 09:00:00', 'api');
INSERT INTO `attendance` VALUES ('1476', '16', '2018-04-03 08:00:00', '2018-04-03 17:00:00', '9', '0', '2018-04-03 00:00:00', 'api', '2018-04-03 08:00:00', 'api');
INSERT INTO `attendance` VALUES ('1477', '16', '2018-04-04 09:00:00', '2018-04-04 17:00:00', '8', '1', '2018-04-04 00:00:00', 'api', '2018-04-04 09:00:00', 'api');
INSERT INTO `attendance` VALUES ('1478', '16', '2018-04-05 09:00:00', '2018-04-05 17:00:00', '8', '1', '2018-04-05 00:00:00', 'api', '2018-04-05 09:00:00', 'api');
INSERT INTO `attendance` VALUES ('1479', '16', '2018-04-06 09:00:00', '2018-04-06 16:00:00', '7', '1', '2018-04-06 00:00:00', 'api', '2018-04-06 09:00:00', 'api');
INSERT INTO `attendance` VALUES ('1480', '16', '2018-04-07 09:00:00', '2018-04-07 16:00:00', '7', '1', '2018-04-07 00:00:00', 'api', '2018-04-07 09:00:00', 'api');
INSERT INTO `attendance` VALUES ('1481', '16', '2018-04-08 08:00:00', '2018-04-08 16:00:00', '8', '0', '2018-04-08 00:00:00', 'api', '2018-04-08 08:00:00', 'api');
INSERT INTO `attendance` VALUES ('1482', '16', '2018-04-09 09:00:00', '2018-04-09 17:00:00', '8', '1', '2018-04-09 00:00:00', 'api', '2018-04-09 09:00:00', 'api');
INSERT INTO `attendance` VALUES ('1483', '16', '2018-04-10 09:00:00', '2018-04-10 16:00:00', '7', '1', '2018-04-10 00:00:00', 'api', '2018-04-10 09:00:00', 'api');
INSERT INTO `attendance` VALUES ('1484', '16', '2018-04-11 09:00:00', '2018-04-11 16:00:00', '7', '1', '2018-04-11 00:00:00', 'api', '2018-04-11 09:00:00', 'api');
INSERT INTO `attendance` VALUES ('1485', '16', '2018-04-12 09:00:00', '2018-04-12 17:00:00', '8', '1', '2018-04-12 00:00:00', 'api', '2018-04-12 09:00:00', 'api');
INSERT INTO `attendance` VALUES ('1486', '16', '2018-04-13 08:00:00', '2018-04-13 16:00:00', '8', '0', '2018-04-13 00:00:00', 'api', '2018-04-13 08:00:00', 'api');
INSERT INTO `attendance` VALUES ('1487', '16', '2018-04-14 09:00:00', '2018-04-14 16:00:00', '7', '1', '2018-04-14 00:00:00', 'api', '2018-04-14 09:00:00', 'api');
INSERT INTO `attendance` VALUES ('1488', '16', '2018-04-15 08:00:00', '2018-04-15 17:00:00', '9', '0', '2018-04-15 00:00:00', 'api', '2018-04-15 08:00:00', 'api');
INSERT INTO `attendance` VALUES ('1489', '16', '2018-04-16 08:00:00', '2018-04-16 17:00:00', '9', '0', '2018-04-16 00:00:00', 'api', '2018-04-16 08:00:00', 'api');
INSERT INTO `attendance` VALUES ('1490', '16', '2018-04-17 09:00:00', '2018-04-17 16:00:00', '7', '1', '2018-04-17 00:00:00', 'api', '2018-04-17 09:00:00', 'api');
INSERT INTO `attendance` VALUES ('1491', '16', '2018-04-18 08:00:00', '2018-04-18 17:00:00', '9', '0', '2018-04-18 00:00:00', 'api', '2018-04-18 08:00:00', 'api');
INSERT INTO `attendance` VALUES ('1492', '16', '2018-04-19 08:00:00', '2018-04-19 16:00:00', '8', '0', '2018-04-19 00:00:00', 'api', '2018-04-19 08:00:00', 'api');
INSERT INTO `attendance` VALUES ('1493', '16', '2018-04-20 09:00:00', '2018-04-20 17:00:00', '8', '1', '2018-04-20 00:00:00', 'api', '2018-04-20 09:00:00', 'api');
INSERT INTO `attendance` VALUES ('1494', '16', '2018-04-21 09:00:00', '2018-04-21 16:00:00', '7', '1', '2018-04-21 00:00:00', 'api', '2018-04-21 09:00:00', 'api');
INSERT INTO `attendance` VALUES ('1495', '16', '2018-04-22 08:00:00', '2018-04-22 16:00:00', '8', '0', '2018-04-22 00:00:00', 'api', '2018-04-22 08:00:00', 'api');
INSERT INTO `attendance` VALUES ('1496', '16', '2018-04-23 09:00:00', '2018-04-23 17:00:00', '8', '1', '2018-04-23 00:00:00', 'api', '2018-04-23 09:00:00', 'api');
INSERT INTO `attendance` VALUES ('1497', '16', '2018-04-24 09:00:00', '2018-04-24 17:00:00', '8', '1', '2018-04-24 00:00:00', 'api', '2018-04-24 09:00:00', 'api');
INSERT INTO `attendance` VALUES ('1498', '16', '2018-04-25 09:00:00', '2018-04-25 17:00:00', '8', '1', '2018-04-25 00:00:00', 'api', '2018-04-25 09:00:00', 'api');
INSERT INTO `attendance` VALUES ('1499', '16', '2018-04-26 09:00:00', '2018-04-26 16:00:00', '7', '1', '2018-04-26 00:00:00', 'api', '2018-04-26 09:00:00', 'api');
INSERT INTO `attendance` VALUES ('1500', '16', '2018-04-27 08:00:00', '2018-04-27 17:00:00', '9', '0', '2018-04-27 00:00:00', 'api', '2018-04-27 08:00:00', 'api');
INSERT INTO `attendance` VALUES ('1501', '16', '2018-04-28 09:00:00', '2018-04-28 17:00:00', '8', '1', '2018-04-28 00:00:00', 'api', '2018-04-28 09:00:00', 'api');
INSERT INTO `attendance` VALUES ('1502', '16', '2018-04-29 08:00:00', '2018-04-29 17:00:00', '9', '0', '2018-04-29 00:00:00', 'api', '2018-04-29 08:00:00', 'api');
INSERT INTO `attendance` VALUES ('1503', '16', '2018-04-30 08:00:00', '2018-04-30 16:00:00', '8', '0', '2018-04-30 00:00:00', 'api', '2018-04-30 08:00:00', 'api');
INSERT INTO `attendance` VALUES ('1504', '17', '2018-04-01 09:00:00', '2018-04-01 17:00:00', '8', '1', '2018-04-01 00:00:00', 'api', '2018-04-01 09:00:00', 'api');
INSERT INTO `attendance` VALUES ('1505', '17', '2018-04-02 08:00:00', '2018-04-02 16:00:00', '8', '0', '2018-04-02 00:00:00', 'api', '2018-04-02 08:00:00', 'api');
INSERT INTO `attendance` VALUES ('1506', '17', '2018-04-03 09:00:00', '2018-04-03 17:00:00', '8', '1', '2018-04-03 00:00:00', 'api', '2018-04-03 09:00:00', 'api');
INSERT INTO `attendance` VALUES ('1507', '17', '2018-04-04 09:00:00', '2018-04-04 16:00:00', '7', '1', '2018-04-04 00:00:00', 'api', '2018-04-04 09:00:00', 'api');
INSERT INTO `attendance` VALUES ('1508', '17', '2018-04-05 08:00:00', '2018-04-05 16:00:00', '8', '0', '2018-04-05 00:00:00', 'api', '2018-04-05 08:00:00', 'api');
INSERT INTO `attendance` VALUES ('1509', '17', '2018-04-06 08:00:00', '2018-04-06 16:00:00', '8', '0', '2018-04-06 00:00:00', 'api', '2018-04-06 08:00:00', 'api');
INSERT INTO `attendance` VALUES ('1510', '17', '2018-04-07 08:00:00', '2018-04-07 17:00:00', '9', '0', '2018-04-07 00:00:00', 'api', '2018-04-07 08:00:00', 'api');
INSERT INTO `attendance` VALUES ('1511', '17', '2018-04-08 09:00:00', '2018-04-08 17:00:00', '8', '1', '2018-04-08 00:00:00', 'api', '2018-04-08 09:00:00', 'api');
INSERT INTO `attendance` VALUES ('1512', '17', '2018-04-09 08:00:00', '2018-04-09 16:00:00', '8', '0', '2018-04-09 00:00:00', 'api', '2018-04-09 08:00:00', 'api');
INSERT INTO `attendance` VALUES ('1513', '17', '2018-04-10 08:00:00', '2018-04-10 17:00:00', '9', '0', '2018-04-10 00:00:00', 'api', '2018-04-10 08:00:00', 'api');
INSERT INTO `attendance` VALUES ('1514', '17', '2018-04-11 09:00:00', '2018-04-11 16:00:00', '7', '1', '2018-04-11 00:00:00', 'api', '2018-04-11 09:00:00', 'api');
INSERT INTO `attendance` VALUES ('1515', '17', '2018-04-12 09:00:00', '2018-04-12 17:00:00', '8', '1', '2018-04-12 00:00:00', 'api', '2018-04-12 09:00:00', 'api');
INSERT INTO `attendance` VALUES ('1516', '17', '2018-04-13 08:00:00', '2018-04-13 17:00:00', '9', '0', '2018-04-13 00:00:00', 'api', '2018-04-13 08:00:00', 'api');
INSERT INTO `attendance` VALUES ('1517', '17', '2018-04-14 08:00:00', '2018-04-14 16:00:00', '8', '0', '2018-04-14 00:00:00', 'api', '2018-04-14 08:00:00', 'api');
INSERT INTO `attendance` VALUES ('1518', '17', '2018-04-15 09:00:00', '2018-04-15 17:00:00', '8', '1', '2018-04-15 00:00:00', 'api', '2018-04-15 09:00:00', 'api');
INSERT INTO `attendance` VALUES ('1519', '17', '2018-04-16 08:00:00', '2018-04-16 16:00:00', '8', '0', '2018-04-16 00:00:00', 'api', '2018-04-16 08:00:00', 'api');
INSERT INTO `attendance` VALUES ('1520', '17', '2018-04-17 08:00:00', '2018-04-17 16:00:00', '8', '0', '2018-04-17 00:00:00', 'api', '2018-04-17 08:00:00', 'api');
INSERT INTO `attendance` VALUES ('1521', '17', '2018-04-18 08:00:00', '2018-04-18 16:00:00', '8', '0', '2018-04-18 00:00:00', 'api', '2018-04-18 08:00:00', 'api');
INSERT INTO `attendance` VALUES ('1522', '17', '2018-04-19 08:00:00', '2018-04-19 17:00:00', '9', '0', '2018-04-19 00:00:00', 'api', '2018-04-19 08:00:00', 'api');
INSERT INTO `attendance` VALUES ('1523', '17', '2018-04-20 08:00:00', '2018-04-20 16:00:00', '8', '0', '2018-04-20 00:00:00', 'api', '2018-04-20 08:00:00', 'api');
INSERT INTO `attendance` VALUES ('1524', '17', '2018-04-21 08:00:00', '2018-04-21 16:00:00', '8', '0', '2018-04-21 00:00:00', 'api', '2018-04-21 08:00:00', 'api');
INSERT INTO `attendance` VALUES ('1525', '17', '2018-04-22 08:00:00', '2018-04-22 16:00:00', '8', '0', '2018-04-22 00:00:00', 'api', '2018-04-22 08:00:00', 'api');
INSERT INTO `attendance` VALUES ('1526', '17', '2018-04-23 08:00:00', '2018-04-23 17:00:00', '9', '0', '2018-04-23 00:00:00', 'api', '2018-04-23 08:00:00', 'api');
INSERT INTO `attendance` VALUES ('1527', '17', '2018-04-24 09:00:00', '2018-04-24 17:00:00', '8', '1', '2018-04-24 00:00:00', 'api', '2018-04-24 09:00:00', 'api');
INSERT INTO `attendance` VALUES ('1528', '17', '2018-04-25 08:00:00', '2018-04-25 16:00:00', '8', '0', '2018-04-25 00:00:00', 'api', '2018-04-25 08:00:00', 'api');
INSERT INTO `attendance` VALUES ('1529', '17', '2018-04-26 09:00:00', '2018-04-26 17:00:00', '8', '1', '2018-04-26 00:00:00', 'api', '2018-04-26 09:00:00', 'api');
INSERT INTO `attendance` VALUES ('1530', '17', '2018-04-27 08:00:00', '2018-04-27 16:00:00', '8', '0', '2018-04-27 00:00:00', 'api', '2018-04-27 08:00:00', 'api');
INSERT INTO `attendance` VALUES ('1531', '17', '2018-04-28 09:00:00', '2018-04-28 16:00:00', '7', '1', '2018-04-28 00:00:00', 'api', '2018-04-28 09:00:00', 'api');
INSERT INTO `attendance` VALUES ('1532', '17', '2018-04-29 09:00:00', '2018-04-29 17:00:00', '8', '1', '2018-04-29 00:00:00', 'api', '2018-04-29 09:00:00', 'api');
INSERT INTO `attendance` VALUES ('1533', '17', '2018-04-30 09:00:00', '2018-04-30 17:00:00', '8', '1', '2018-04-30 00:00:00', 'api', '2018-04-30 09:00:00', 'api');
INSERT INTO `attendance` VALUES ('1534', '18', '2018-04-01 08:00:00', '2018-04-01 16:00:00', '8', '0', '2018-04-01 00:00:00', 'api', '2018-04-01 08:00:00', 'api');
INSERT INTO `attendance` VALUES ('1535', '18', '2018-04-02 08:00:00', '2018-04-02 16:00:00', '8', '0', '2018-04-02 00:00:00', 'api', '2018-04-02 08:00:00', 'api');
INSERT INTO `attendance` VALUES ('1536', '18', '2018-04-03 08:00:00', '2018-04-03 16:00:00', '8', '0', '2018-04-03 00:00:00', 'api', '2018-04-03 08:00:00', 'api');
INSERT INTO `attendance` VALUES ('1537', '18', '2018-04-04 09:00:00', '2018-04-04 16:00:00', '7', '1', '2018-04-04 00:00:00', 'api', '2018-04-04 09:00:00', 'api');
INSERT INTO `attendance` VALUES ('1538', '18', '2018-04-05 09:00:00', '2018-04-05 17:00:00', '8', '1', '2018-04-05 00:00:00', 'api', '2018-04-05 09:00:00', 'api');
INSERT INTO `attendance` VALUES ('1539', '18', '2018-04-06 09:00:00', '2018-04-06 16:00:00', '7', '1', '2018-04-06 00:00:00', 'api', '2018-04-06 09:00:00', 'api');
INSERT INTO `attendance` VALUES ('1540', '18', '2018-04-07 09:00:00', '2018-04-07 17:00:00', '8', '1', '2018-04-07 00:00:00', 'api', '2018-04-07 09:00:00', 'api');
INSERT INTO `attendance` VALUES ('1541', '18', '2018-04-08 09:00:00', '2018-04-08 17:00:00', '8', '1', '2018-04-08 00:00:00', 'api', '2018-04-08 09:00:00', 'api');
INSERT INTO `attendance` VALUES ('1542', '18', '2018-04-09 09:00:00', '2018-04-09 17:00:00', '8', '1', '2018-04-09 00:00:00', 'api', '2018-04-09 09:00:00', 'api');
INSERT INTO `attendance` VALUES ('1543', '18', '2018-04-10 09:00:00', '2018-04-10 16:00:00', '7', '1', '2018-04-10 00:00:00', 'api', '2018-04-10 09:00:00', 'api');
INSERT INTO `attendance` VALUES ('1544', '18', '2018-04-11 08:00:00', '2018-04-11 17:00:00', '9', '0', '2018-04-11 00:00:00', 'api', '2018-04-11 08:00:00', 'api');
INSERT INTO `attendance` VALUES ('1545', '18', '2018-04-12 09:00:00', '2018-04-12 16:00:00', '7', '1', '2018-04-12 00:00:00', 'api', '2018-04-12 09:00:00', 'api');
INSERT INTO `attendance` VALUES ('1546', '18', '2018-04-13 09:00:00', '2018-04-13 17:00:00', '8', '1', '2018-04-13 00:00:00', 'api', '2018-04-13 09:00:00', 'api');
INSERT INTO `attendance` VALUES ('1547', '18', '2018-04-14 08:00:00', '2018-04-14 17:00:00', '9', '0', '2018-04-14 00:00:00', 'api', '2018-04-14 08:00:00', 'api');
INSERT INTO `attendance` VALUES ('1548', '18', '2018-04-15 08:00:00', '2018-04-15 16:00:00', '8', '0', '2018-04-15 00:00:00', 'api', '2018-04-15 08:00:00', 'api');
INSERT INTO `attendance` VALUES ('1549', '18', '2018-04-16 08:00:00', '2018-04-16 16:00:00', '8', '0', '2018-04-16 00:00:00', 'api', '2018-04-16 08:00:00', 'api');
INSERT INTO `attendance` VALUES ('1550', '18', '2018-04-17 08:00:00', '2018-04-17 16:00:00', '8', '0', '2018-04-17 00:00:00', 'api', '2018-04-17 08:00:00', 'api');
INSERT INTO `attendance` VALUES ('1551', '18', '2018-04-18 09:00:00', '2018-04-18 17:00:00', '8', '1', '2018-04-18 00:00:00', 'api', '2018-04-18 09:00:00', 'api');
INSERT INTO `attendance` VALUES ('1552', '18', '2018-04-19 09:00:00', '2018-04-19 16:00:00', '7', '1', '2018-04-19 00:00:00', 'api', '2018-04-19 09:00:00', 'api');
INSERT INTO `attendance` VALUES ('1553', '18', '2018-04-20 08:00:00', '2018-04-20 17:00:00', '9', '0', '2018-04-20 00:00:00', 'api', '2018-04-20 08:00:00', 'api');
INSERT INTO `attendance` VALUES ('1554', '18', '2018-04-21 09:00:00', '2018-04-21 17:00:00', '8', '1', '2018-04-21 00:00:00', 'api', '2018-04-21 09:00:00', 'api');
INSERT INTO `attendance` VALUES ('1555', '18', '2018-04-22 08:00:00', '2018-04-22 17:00:00', '9', '0', '2018-04-22 00:00:00', 'api', '2018-04-22 08:00:00', 'api');
INSERT INTO `attendance` VALUES ('1556', '18', '2018-04-23 09:00:00', '2018-04-23 17:00:00', '8', '1', '2018-04-23 00:00:00', 'api', '2018-04-23 09:00:00', 'api');
INSERT INTO `attendance` VALUES ('1557', '18', '2018-04-24 09:00:00', '2018-04-24 17:00:00', '8', '1', '2018-04-24 00:00:00', 'api', '2018-04-24 09:00:00', 'api');
INSERT INTO `attendance` VALUES ('1558', '18', '2018-04-25 08:00:00', '2018-04-25 17:00:00', '9', '0', '2018-04-25 00:00:00', 'api', '2018-04-25 08:00:00', 'api');
INSERT INTO `attendance` VALUES ('1559', '18', '2018-04-26 09:00:00', '2018-04-26 17:00:00', '8', '1', '2018-04-26 00:00:00', 'api', '2018-04-26 09:00:00', 'api');
INSERT INTO `attendance` VALUES ('1560', '18', '2018-04-27 08:00:00', '2018-04-27 16:00:00', '8', '0', '2018-04-27 00:00:00', 'api', '2018-04-27 08:00:00', 'api');
INSERT INTO `attendance` VALUES ('1561', '18', '2018-04-28 08:00:00', '2018-04-28 16:00:00', '8', '0', '2018-04-28 00:00:00', 'api', '2018-04-28 08:00:00', 'api');
INSERT INTO `attendance` VALUES ('1562', '18', '2018-04-29 09:00:00', '2018-04-29 17:00:00', '8', '1', '2018-04-29 00:00:00', 'api', '2018-04-29 09:00:00', 'api');
INSERT INTO `attendance` VALUES ('1563', '18', '2018-04-30 08:00:00', '2018-04-30 17:00:00', '9', '0', '2018-04-30 00:00:00', 'api', '2018-04-30 08:00:00', 'api');
INSERT INTO `attendance` VALUES ('1564', '19', '2018-04-01 09:00:00', '2018-04-01 17:00:00', '8', '1', '2018-04-01 00:00:00', 'api', '2018-04-01 09:00:00', 'api');
INSERT INTO `attendance` VALUES ('1565', '19', '2018-04-02 09:00:00', '2018-04-02 16:00:00', '7', '1', '2018-04-02 00:00:00', 'api', '2018-04-02 09:00:00', 'api');
INSERT INTO `attendance` VALUES ('1566', '19', '2018-04-03 08:00:00', '2018-04-03 16:00:00', '8', '0', '2018-04-03 00:00:00', 'api', '2018-04-03 08:00:00', 'api');
INSERT INTO `attendance` VALUES ('1567', '19', '2018-04-04 08:00:00', '2018-04-04 16:00:00', '8', '0', '2018-04-04 00:00:00', 'api', '2018-04-04 08:00:00', 'api');
INSERT INTO `attendance` VALUES ('1568', '19', '2018-04-05 08:00:00', '2018-04-05 16:00:00', '8', '0', '2018-04-05 00:00:00', 'api', '2018-04-05 08:00:00', 'api');
INSERT INTO `attendance` VALUES ('1569', '19', '2018-04-06 09:00:00', '2018-04-06 16:00:00', '7', '1', '2018-04-06 00:00:00', 'api', '2018-04-06 09:00:00', 'api');
INSERT INTO `attendance` VALUES ('1570', '19', '2018-04-07 09:00:00', '2018-04-07 17:00:00', '8', '1', '2018-04-07 00:00:00', 'api', '2018-04-07 09:00:00', 'api');
INSERT INTO `attendance` VALUES ('1571', '19', '2018-04-08 09:00:00', '2018-04-08 17:00:00', '8', '1', '2018-04-08 00:00:00', 'api', '2018-04-08 09:00:00', 'api');
INSERT INTO `attendance` VALUES ('1572', '19', '2018-04-09 09:00:00', '2018-04-09 16:00:00', '7', '1', '2018-04-09 00:00:00', 'api', '2018-04-09 09:00:00', 'api');
INSERT INTO `attendance` VALUES ('1573', '19', '2018-04-10 08:00:00', '2018-04-10 17:00:00', '9', '0', '2018-04-10 00:00:00', 'api', '2018-04-10 08:00:00', 'api');
INSERT INTO `attendance` VALUES ('1574', '19', '2018-04-11 08:00:00', '2018-04-11 17:00:00', '9', '0', '2018-04-11 00:00:00', 'api', '2018-04-11 08:00:00', 'api');
INSERT INTO `attendance` VALUES ('1575', '19', '2018-04-12 09:00:00', '2018-04-12 17:00:00', '8', '1', '2018-04-12 00:00:00', 'api', '2018-04-12 09:00:00', 'api');
INSERT INTO `attendance` VALUES ('1576', '19', '2018-04-13 09:00:00', '2018-04-13 17:00:00', '8', '1', '2018-04-13 00:00:00', 'api', '2018-04-13 09:00:00', 'api');
INSERT INTO `attendance` VALUES ('1577', '19', '2018-04-14 08:00:00', '2018-04-14 16:00:00', '8', '0', '2018-04-14 00:00:00', 'api', '2018-04-14 08:00:00', 'api');
INSERT INTO `attendance` VALUES ('1578', '19', '2018-04-15 09:00:00', '2018-04-15 16:00:00', '7', '1', '2018-04-15 00:00:00', 'api', '2018-04-15 09:00:00', 'api');
INSERT INTO `attendance` VALUES ('1579', '19', '2018-04-16 09:00:00', '2018-04-16 16:00:00', '7', '1', '2018-04-16 00:00:00', 'api', '2018-04-16 09:00:00', 'api');
INSERT INTO `attendance` VALUES ('1580', '19', '2018-04-17 08:00:00', '2018-04-17 17:00:00', '9', '0', '2018-04-17 00:00:00', 'api', '2018-04-17 08:00:00', 'api');
INSERT INTO `attendance` VALUES ('1581', '19', '2018-04-18 08:00:00', '2018-04-18 16:00:00', '8', '0', '2018-04-18 00:00:00', 'api', '2018-04-18 08:00:00', 'api');
INSERT INTO `attendance` VALUES ('1582', '19', '2018-04-19 09:00:00', '2018-04-19 16:00:00', '7', '1', '2018-04-19 00:00:00', 'api', '2018-04-19 09:00:00', 'api');
INSERT INTO `attendance` VALUES ('1583', '19', '2018-04-20 08:00:00', '2018-04-20 16:00:00', '8', '0', '2018-04-20 00:00:00', 'api', '2018-04-20 08:00:00', 'api');
INSERT INTO `attendance` VALUES ('1584', '19', '2018-04-21 09:00:00', '2018-04-21 16:00:00', '7', '1', '2018-04-21 00:00:00', 'api', '2018-04-21 09:00:00', 'api');
INSERT INTO `attendance` VALUES ('1585', '19', '2018-04-22 08:00:00', '2018-04-22 17:00:00', '9', '0', '2018-04-22 00:00:00', 'api', '2018-04-22 08:00:00', 'api');
INSERT INTO `attendance` VALUES ('1586', '19', '2018-04-23 08:00:00', '2018-04-23 16:00:00', '8', '0', '2018-04-23 00:00:00', 'api', '2018-04-23 08:00:00', 'api');
INSERT INTO `attendance` VALUES ('1587', '19', '2018-04-24 08:00:00', '2018-04-24 17:00:00', '9', '0', '2018-04-24 00:00:00', 'api', '2018-04-24 08:00:00', 'api');
INSERT INTO `attendance` VALUES ('1588', '19', '2018-04-25 09:00:00', '2018-04-25 17:00:00', '8', '1', '2018-04-25 00:00:00', 'api', '2018-04-25 09:00:00', 'api');
INSERT INTO `attendance` VALUES ('1589', '19', '2018-04-26 09:00:00', '2018-04-26 16:00:00', '7', '1', '2018-04-26 00:00:00', 'api', '2018-04-26 09:00:00', 'api');
INSERT INTO `attendance` VALUES ('1590', '19', '2018-04-27 08:00:00', '2018-04-27 16:00:00', '8', '0', '2018-04-27 00:00:00', 'api', '2018-04-27 08:00:00', 'api');
INSERT INTO `attendance` VALUES ('1591', '19', '2018-04-28 08:00:00', '2018-04-28 16:00:00', '8', '0', '2018-04-28 00:00:00', 'api', '2018-04-28 08:00:00', 'api');
INSERT INTO `attendance` VALUES ('1592', '19', '2018-04-29 08:00:00', '2018-04-29 16:00:00', '8', '0', '2018-04-29 00:00:00', 'api', '2018-04-29 08:00:00', 'api');
INSERT INTO `attendance` VALUES ('1593', '19', '2018-04-30 09:00:00', '2018-04-30 16:00:00', '7', '1', '2018-04-30 00:00:00', 'api', '2018-04-30 09:00:00', 'api');
INSERT INTO `attendance` VALUES ('1594', '20', '2018-04-01 08:00:00', '2018-04-01 16:00:00', '8', '0', '2018-04-01 00:00:00', 'api', '2018-04-01 08:00:00', 'api');
INSERT INTO `attendance` VALUES ('1595', '20', '2018-04-02 09:00:00', '2018-04-02 17:00:00', '8', '1', '2018-04-02 00:00:00', 'api', '2018-04-02 09:00:00', 'api');
INSERT INTO `attendance` VALUES ('1596', '20', '2018-04-03 08:00:00', '2018-04-03 16:00:00', '8', '0', '2018-04-03 00:00:00', 'api', '2018-04-03 08:00:00', 'api');
INSERT INTO `attendance` VALUES ('1597', '20', '2018-04-04 08:00:00', '2018-04-04 16:00:00', '8', '0', '2018-04-04 00:00:00', 'api', '2018-04-04 08:00:00', 'api');
INSERT INTO `attendance` VALUES ('1598', '20', '2018-04-05 09:00:00', '2018-04-05 17:00:00', '8', '1', '2018-04-05 00:00:00', 'api', '2018-04-05 09:00:00', 'api');
INSERT INTO `attendance` VALUES ('1599', '20', '2018-04-06 09:00:00', '2018-04-06 17:00:00', '8', '1', '2018-04-06 00:00:00', 'api', '2018-04-06 09:00:00', 'api');
INSERT INTO `attendance` VALUES ('1600', '20', '2018-04-07 08:00:00', '2018-04-07 17:00:00', '9', '0', '2018-04-07 00:00:00', 'api', '2018-04-07 08:00:00', 'api');
INSERT INTO `attendance` VALUES ('1601', '20', '2018-04-08 09:00:00', '2018-04-08 17:00:00', '8', '1', '2018-04-08 00:00:00', 'api', '2018-04-08 09:00:00', 'api');
INSERT INTO `attendance` VALUES ('1602', '20', '2018-04-09 09:00:00', '2018-04-09 16:00:00', '7', '1', '2018-04-09 00:00:00', 'api', '2018-04-09 09:00:00', 'api');
INSERT INTO `attendance` VALUES ('1603', '20', '2018-04-10 08:00:00', '2018-04-10 16:00:00', '8', '0', '2018-04-10 00:00:00', 'api', '2018-04-10 08:00:00', 'api');
INSERT INTO `attendance` VALUES ('1604', '20', '2018-04-11 08:00:00', '2018-04-11 16:00:00', '8', '0', '2018-04-11 00:00:00', 'api', '2018-04-11 08:00:00', 'api');
INSERT INTO `attendance` VALUES ('1605', '20', '2018-04-12 09:00:00', '2018-04-12 16:00:00', '7', '1', '2018-04-12 00:00:00', 'api', '2018-04-12 09:00:00', 'api');
INSERT INTO `attendance` VALUES ('1606', '20', '2018-04-13 09:00:00', '2018-04-13 17:00:00', '8', '1', '2018-04-13 00:00:00', 'api', '2018-04-13 09:00:00', 'api');
INSERT INTO `attendance` VALUES ('1607', '20', '2018-04-14 09:00:00', '2018-04-14 17:00:00', '8', '1', '2018-04-14 00:00:00', 'api', '2018-04-14 09:00:00', 'api');
INSERT INTO `attendance` VALUES ('1608', '20', '2018-04-15 08:00:00', '2018-04-15 16:00:00', '8', '0', '2018-04-15 00:00:00', 'api', '2018-04-15 08:00:00', 'api');
INSERT INTO `attendance` VALUES ('1609', '20', '2018-04-16 09:00:00', '2018-04-16 17:00:00', '8', '1', '2018-04-16 00:00:00', 'api', '2018-04-16 09:00:00', 'api');
INSERT INTO `attendance` VALUES ('1610', '20', '2018-04-17 09:00:00', '2018-04-17 17:00:00', '8', '1', '2018-04-17 00:00:00', 'api', '2018-04-17 09:00:00', 'api');
INSERT INTO `attendance` VALUES ('1611', '20', '2018-04-18 09:00:00', '2018-04-18 16:00:00', '7', '1', '2018-04-18 00:00:00', 'api', '2018-04-18 09:00:00', 'api');
INSERT INTO `attendance` VALUES ('1612', '20', '2018-04-19 08:00:00', '2018-04-19 17:00:00', '9', '0', '2018-04-19 00:00:00', 'api', '2018-04-19 08:00:00', 'api');
INSERT INTO `attendance` VALUES ('1613', '20', '2018-04-20 08:00:00', '2018-04-20 16:00:00', '8', '0', '2018-04-20 00:00:00', 'api', '2018-04-20 08:00:00', 'api');
INSERT INTO `attendance` VALUES ('1614', '20', '2018-04-21 09:00:00', '2018-04-21 16:00:00', '7', '1', '2018-04-21 00:00:00', 'api', '2018-04-21 09:00:00', 'api');
INSERT INTO `attendance` VALUES ('1615', '20', '2018-04-22 08:00:00', '2018-04-22 17:00:00', '9', '0', '2018-04-22 00:00:00', 'api', '2018-04-22 08:00:00', 'api');
INSERT INTO `attendance` VALUES ('1616', '20', '2018-04-23 09:00:00', '2018-04-23 16:00:00', '7', '1', '2018-04-23 00:00:00', 'api', '2018-04-23 09:00:00', 'api');
INSERT INTO `attendance` VALUES ('1617', '20', '2018-04-24 08:00:00', '2018-04-24 16:00:00', '8', '0', '2018-04-24 00:00:00', 'api', '2018-04-24 08:00:00', 'api');
INSERT INTO `attendance` VALUES ('1618', '20', '2018-04-25 08:00:00', '2018-04-25 16:00:00', '8', '0', '2018-04-25 00:00:00', 'api', '2018-04-25 08:00:00', 'api');
INSERT INTO `attendance` VALUES ('1619', '20', '2018-04-26 09:00:00', '2018-04-26 16:00:00', '7', '1', '2018-04-26 00:00:00', 'api', '2018-04-26 09:00:00', 'api');
INSERT INTO `attendance` VALUES ('1620', '20', '2018-04-27 08:00:00', '2018-04-27 16:00:00', '8', '0', '2018-04-27 00:00:00', 'api', '2018-04-27 08:00:00', 'api');
INSERT INTO `attendance` VALUES ('1621', '20', '2018-04-28 08:00:00', '2018-04-28 17:00:00', '9', '0', '2018-04-28 00:00:00', 'api', '2018-04-28 08:00:00', 'api');
INSERT INTO `attendance` VALUES ('1622', '20', '2018-04-29 09:00:00', '2018-04-29 17:00:00', '8', '1', '2018-04-29 00:00:00', 'api', '2018-04-29 09:00:00', 'api');
INSERT INTO `attendance` VALUES ('1623', '20', '2018-04-30 08:00:00', '2018-04-30 17:00:00', '9', '0', '2018-04-30 00:00:00', 'api', '2018-04-30 08:00:00', 'api');
INSERT INTO `attendance` VALUES ('1624', '21', '2018-04-01 08:00:00', '2018-04-01 16:00:00', '8', '0', '2018-04-01 00:00:00', 'api', '2018-04-01 08:00:00', 'api');
INSERT INTO `attendance` VALUES ('1625', '21', '2018-04-02 08:00:00', '2018-04-02 17:00:00', '9', '0', '2018-04-02 00:00:00', 'api', '2018-04-02 08:00:00', 'api');
INSERT INTO `attendance` VALUES ('1626', '21', '2018-04-03 08:00:00', '2018-04-03 17:00:00', '9', '0', '2018-04-03 00:00:00', 'api', '2018-04-03 08:00:00', 'api');
INSERT INTO `attendance` VALUES ('1627', '21', '2018-04-04 09:00:00', '2018-04-04 16:00:00', '7', '1', '2018-04-04 00:00:00', 'api', '2018-04-04 09:00:00', 'api');
INSERT INTO `attendance` VALUES ('1628', '21', '2018-04-05 09:00:00', '2018-04-05 16:00:00', '7', '1', '2018-04-05 00:00:00', 'api', '2018-04-05 09:00:00', 'api');
INSERT INTO `attendance` VALUES ('1629', '21', '2018-04-06 08:00:00', '2018-04-06 16:00:00', '8', '0', '2018-04-06 00:00:00', 'api', '2018-04-06 08:00:00', 'api');
INSERT INTO `attendance` VALUES ('1630', '21', '2018-04-07 09:00:00', '2018-04-07 16:00:00', '7', '1', '2018-04-07 00:00:00', 'api', '2018-04-07 09:00:00', 'api');
INSERT INTO `attendance` VALUES ('1631', '21', '2018-04-08 08:00:00', '2018-04-08 17:00:00', '9', '0', '2018-04-08 00:00:00', 'api', '2018-04-08 08:00:00', 'api');
INSERT INTO `attendance` VALUES ('1632', '21', '2018-04-09 09:00:00', '2018-04-09 16:00:00', '7', '1', '2018-04-09 00:00:00', 'api', '2018-04-09 09:00:00', 'api');
INSERT INTO `attendance` VALUES ('1633', '21', '2018-04-10 09:00:00', '2018-04-10 17:00:00', '8', '1', '2018-04-10 00:00:00', 'api', '2018-04-10 09:00:00', 'api');
INSERT INTO `attendance` VALUES ('1634', '21', '2018-04-11 08:00:00', '2018-04-11 16:00:00', '8', '0', '2018-04-11 00:00:00', 'api', '2018-04-11 08:00:00', 'api');
INSERT INTO `attendance` VALUES ('1635', '21', '2018-04-12 09:00:00', '2018-04-12 17:00:00', '8', '1', '2018-04-12 00:00:00', 'api', '2018-04-12 09:00:00', 'api');
INSERT INTO `attendance` VALUES ('1636', '21', '2018-04-13 08:00:00', '2018-04-13 16:00:00', '8', '0', '2018-04-13 00:00:00', 'api', '2018-04-13 08:00:00', 'api');
INSERT INTO `attendance` VALUES ('1637', '21', '2018-04-14 09:00:00', '2018-04-14 17:00:00', '8', '1', '2018-04-14 00:00:00', 'api', '2018-04-14 09:00:00', 'api');
INSERT INTO `attendance` VALUES ('1638', '21', '2018-04-15 09:00:00', '2018-04-15 17:00:00', '8', '1', '2018-04-15 00:00:00', 'api', '2018-04-15 09:00:00', 'api');
INSERT INTO `attendance` VALUES ('1639', '21', '2018-04-16 09:00:00', '2018-04-16 16:00:00', '7', '1', '2018-04-16 00:00:00', 'api', '2018-04-16 09:00:00', 'api');
INSERT INTO `attendance` VALUES ('1640', '21', '2018-04-17 08:00:00', '2018-04-17 17:00:00', '9', '0', '2018-04-17 00:00:00', 'api', '2018-04-17 08:00:00', 'api');
INSERT INTO `attendance` VALUES ('1641', '21', '2018-04-18 08:00:00', '2018-04-18 16:00:00', '8', '0', '2018-04-18 00:00:00', 'api', '2018-04-18 08:00:00', 'api');
INSERT INTO `attendance` VALUES ('1642', '21', '2018-04-19 08:00:00', '2018-04-19 17:00:00', '9', '0', '2018-04-19 00:00:00', 'api', '2018-04-19 08:00:00', 'api');
INSERT INTO `attendance` VALUES ('1643', '21', '2018-04-20 08:00:00', '2018-04-20 17:00:00', '9', '0', '2018-04-20 00:00:00', 'api', '2018-04-20 08:00:00', 'api');
INSERT INTO `attendance` VALUES ('1644', '21', '2018-04-21 09:00:00', '2018-04-21 16:00:00', '7', '1', '2018-04-21 00:00:00', 'api', '2018-04-21 09:00:00', 'api');
INSERT INTO `attendance` VALUES ('1645', '21', '2018-04-22 08:00:00', '2018-04-22 17:00:00', '9', '0', '2018-04-22 00:00:00', 'api', '2018-04-22 08:00:00', 'api');
INSERT INTO `attendance` VALUES ('1646', '21', '2018-04-23 09:00:00', '2018-04-23 17:00:00', '8', '1', '2018-04-23 00:00:00', 'api', '2018-04-23 09:00:00', 'api');
INSERT INTO `attendance` VALUES ('1647', '21', '2018-04-24 08:00:00', '2018-04-24 17:00:00', '9', '0', '2018-04-24 00:00:00', 'api', '2018-04-24 08:00:00', 'api');
INSERT INTO `attendance` VALUES ('1648', '21', '2018-04-25 08:00:00', '2018-04-25 16:00:00', '8', '0', '2018-04-25 00:00:00', 'api', '2018-04-25 08:00:00', 'api');
INSERT INTO `attendance` VALUES ('1649', '21', '2018-04-26 08:00:00', '2018-04-26 16:00:00', '8', '0', '2018-04-26 00:00:00', 'api', '2018-04-26 08:00:00', 'api');
INSERT INTO `attendance` VALUES ('1650', '21', '2018-04-27 09:00:00', '2018-04-27 16:00:00', '7', '1', '2018-04-27 00:00:00', 'api', '2018-04-27 09:00:00', 'api');
INSERT INTO `attendance` VALUES ('1651', '21', '2018-04-28 09:00:00', '2018-04-28 17:00:00', '8', '1', '2018-04-28 00:00:00', 'api', '2018-04-28 09:00:00', 'api');
INSERT INTO `attendance` VALUES ('1652', '21', '2018-04-29 08:00:00', '2018-04-29 17:00:00', '9', '0', '2018-04-29 00:00:00', 'api', '2018-04-29 08:00:00', 'api');
INSERT INTO `attendance` VALUES ('1653', '21', '2018-04-30 09:00:00', '2018-04-30 17:00:00', '8', '1', '2018-04-30 00:00:00', 'api', '2018-04-30 09:00:00', 'api');
INSERT INTO `attendance` VALUES ('1654', '22', '2018-04-01 09:00:00', '2018-04-01 16:00:00', '7', '1', '2018-04-01 00:00:00', 'api', '2018-04-01 09:00:00', 'api');
INSERT INTO `attendance` VALUES ('1655', '22', '2018-04-02 09:00:00', '2018-04-02 16:00:00', '7', '1', '2018-04-02 00:00:00', 'api', '2018-04-02 09:00:00', 'api');
INSERT INTO `attendance` VALUES ('1656', '22', '2018-04-03 09:00:00', '2018-04-03 17:00:00', '8', '1', '2018-04-03 00:00:00', 'api', '2018-04-03 09:00:00', 'api');
INSERT INTO `attendance` VALUES ('1657', '22', '2018-04-04 08:00:00', '2018-04-04 17:00:00', '9', '0', '2018-04-04 00:00:00', 'api', '2018-04-04 08:00:00', 'api');
INSERT INTO `attendance` VALUES ('1658', '22', '2018-04-05 08:00:00', '2018-04-05 16:00:00', '8', '0', '2018-04-05 00:00:00', 'api', '2018-04-05 08:00:00', 'api');
INSERT INTO `attendance` VALUES ('1659', '22', '2018-04-06 09:00:00', '2018-04-06 17:00:00', '8', '1', '2018-04-06 00:00:00', 'api', '2018-04-06 09:00:00', 'api');
INSERT INTO `attendance` VALUES ('1660', '22', '2018-04-07 09:00:00', '2018-04-07 17:00:00', '8', '1', '2018-04-07 00:00:00', 'api', '2018-04-07 09:00:00', 'api');
INSERT INTO `attendance` VALUES ('1661', '22', '2018-04-08 08:00:00', '2018-04-08 16:00:00', '8', '0', '2018-04-08 00:00:00', 'api', '2018-04-08 08:00:00', 'api');
INSERT INTO `attendance` VALUES ('1662', '22', '2018-04-09 08:00:00', '2018-04-09 16:00:00', '8', '0', '2018-04-09 00:00:00', 'api', '2018-04-09 08:00:00', 'api');
INSERT INTO `attendance` VALUES ('1663', '22', '2018-04-10 08:00:00', '2018-04-10 16:00:00', '8', '0', '2018-04-10 00:00:00', 'api', '2018-04-10 08:00:00', 'api');
INSERT INTO `attendance` VALUES ('1664', '22', '2018-04-11 09:00:00', '2018-04-11 16:00:00', '7', '1', '2018-04-11 00:00:00', 'api', '2018-04-11 09:00:00', 'api');
INSERT INTO `attendance` VALUES ('1665', '22', '2018-04-12 08:00:00', '2018-04-12 17:00:00', '9', '0', '2018-04-12 00:00:00', 'api', '2018-04-12 08:00:00', 'api');
INSERT INTO `attendance` VALUES ('1666', '22', '2018-04-13 08:00:00', '2018-04-13 16:00:00', '8', '0', '2018-04-13 00:00:00', 'api', '2018-04-13 08:00:00', 'api');
INSERT INTO `attendance` VALUES ('1667', '22', '2018-04-14 09:00:00', '2018-04-14 17:00:00', '8', '1', '2018-04-14 00:00:00', 'api', '2018-04-14 09:00:00', 'api');
INSERT INTO `attendance` VALUES ('1668', '22', '2018-04-15 08:00:00', '2018-04-15 16:00:00', '8', '0', '2018-04-15 00:00:00', 'api', '2018-04-15 08:00:00', 'api');
INSERT INTO `attendance` VALUES ('1669', '22', '2018-04-16 09:00:00', '2018-04-16 16:00:00', '7', '1', '2018-04-16 00:00:00', 'api', '2018-04-16 09:00:00', 'api');
INSERT INTO `attendance` VALUES ('1670', '22', '2018-04-17 08:00:00', '2018-04-17 16:00:00', '8', '0', '2018-04-17 00:00:00', 'api', '2018-04-17 08:00:00', 'api');
INSERT INTO `attendance` VALUES ('1671', '22', '2018-04-18 09:00:00', '2018-04-18 17:00:00', '8', '1', '2018-04-18 00:00:00', 'api', '2018-04-18 09:00:00', 'api');
INSERT INTO `attendance` VALUES ('1672', '22', '2018-04-19 08:00:00', '2018-04-19 16:00:00', '8', '0', '2018-04-19 00:00:00', 'api', '2018-04-19 08:00:00', 'api');
INSERT INTO `attendance` VALUES ('1673', '22', '2018-04-20 08:00:00', '2018-04-20 16:00:00', '8', '0', '2018-04-20 00:00:00', 'api', '2018-04-20 08:00:00', 'api');
INSERT INTO `attendance` VALUES ('1674', '22', '2018-04-21 08:00:00', '2018-04-21 17:00:00', '9', '0', '2018-04-21 00:00:00', 'api', '2018-04-21 08:00:00', 'api');
INSERT INTO `attendance` VALUES ('1675', '22', '2018-04-22 09:00:00', '2018-04-22 16:00:00', '7', '1', '2018-04-22 00:00:00', 'api', '2018-04-22 09:00:00', 'api');
INSERT INTO `attendance` VALUES ('1676', '22', '2018-04-23 08:00:00', '2018-04-23 16:00:00', '8', '0', '2018-04-23 00:00:00', 'api', '2018-04-23 08:00:00', 'api');
INSERT INTO `attendance` VALUES ('1677', '22', '2018-04-24 08:00:00', '2018-04-24 16:00:00', '8', '0', '2018-04-24 00:00:00', 'api', '2018-04-24 08:00:00', 'api');
INSERT INTO `attendance` VALUES ('1678', '22', '2018-04-25 09:00:00', '2018-04-25 17:00:00', '8', '1', '2018-04-25 00:00:00', 'api', '2018-04-25 09:00:00', 'api');
INSERT INTO `attendance` VALUES ('1679', '22', '2018-04-26 09:00:00', '2018-04-26 16:00:00', '7', '1', '2018-04-26 00:00:00', 'api', '2018-04-26 09:00:00', 'api');
INSERT INTO `attendance` VALUES ('1680', '22', '2018-04-27 08:00:00', '2018-04-27 17:00:00', '9', '0', '2018-04-27 00:00:00', 'api', '2018-04-27 08:00:00', 'api');
INSERT INTO `attendance` VALUES ('1681', '22', '2018-04-28 09:00:00', '2018-04-28 16:00:00', '7', '1', '2018-04-28 00:00:00', 'api', '2018-04-28 09:00:00', 'api');
INSERT INTO `attendance` VALUES ('1682', '22', '2018-04-29 09:00:00', '2018-04-29 17:00:00', '8', '1', '2018-04-29 00:00:00', 'api', '2018-04-29 09:00:00', 'api');
INSERT INTO `attendance` VALUES ('1683', '22', '2018-04-30 08:00:00', '2018-04-30 16:00:00', '8', '0', '2018-04-30 00:00:00', 'api', '2018-04-30 08:00:00', 'api');
INSERT INTO `attendance` VALUES ('1684', '23', '2018-04-01 09:00:00', '2018-04-01 17:00:00', '8', '1', '2018-04-01 00:00:00', 'api', '2018-04-01 09:00:00', 'api');
INSERT INTO `attendance` VALUES ('1685', '23', '2018-04-02 09:00:00', '2018-04-02 17:00:00', '8', '1', '2018-04-02 00:00:00', 'api', '2018-04-02 09:00:00', 'api');
INSERT INTO `attendance` VALUES ('1686', '23', '2018-04-03 09:00:00', '2018-04-03 16:00:00', '7', '1', '2018-04-03 00:00:00', 'api', '2018-04-03 09:00:00', 'api');
INSERT INTO `attendance` VALUES ('1687', '23', '2018-04-04 08:00:00', '2018-04-04 17:00:00', '9', '0', '2018-04-04 00:00:00', 'api', '2018-04-04 08:00:00', 'api');
INSERT INTO `attendance` VALUES ('1688', '23', '2018-04-05 08:00:00', '2018-04-05 17:00:00', '9', '0', '2018-04-05 00:00:00', 'api', '2018-04-05 08:00:00', 'api');
INSERT INTO `attendance` VALUES ('1689', '23', '2018-04-06 09:00:00', '2018-04-06 16:00:00', '7', '1', '2018-04-06 00:00:00', 'api', '2018-04-06 09:00:00', 'api');
INSERT INTO `attendance` VALUES ('1690', '23', '2018-04-07 09:00:00', '2018-04-07 16:00:00', '7', '1', '2018-04-07 00:00:00', 'api', '2018-04-07 09:00:00', 'api');
INSERT INTO `attendance` VALUES ('1691', '23', '2018-04-08 09:00:00', '2018-04-08 17:00:00', '8', '1', '2018-04-08 00:00:00', 'api', '2018-04-08 09:00:00', 'api');
INSERT INTO `attendance` VALUES ('1692', '23', '2018-04-09 08:00:00', '2018-04-09 16:00:00', '8', '0', '2018-04-09 00:00:00', 'api', '2018-04-09 08:00:00', 'api');
INSERT INTO `attendance` VALUES ('1693', '23', '2018-04-10 09:00:00', '2018-04-10 16:00:00', '7', '1', '2018-04-10 00:00:00', 'api', '2018-04-10 09:00:00', 'api');
INSERT INTO `attendance` VALUES ('1694', '23', '2018-04-11 08:00:00', '2018-04-11 16:00:00', '8', '0', '2018-04-11 00:00:00', 'api', '2018-04-11 08:00:00', 'api');
INSERT INTO `attendance` VALUES ('1695', '23', '2018-04-12 08:00:00', '2018-04-12 17:00:00', '9', '0', '2018-04-12 00:00:00', 'api', '2018-04-12 08:00:00', 'api');
INSERT INTO `attendance` VALUES ('1696', '23', '2018-04-13 08:00:00', '2018-04-13 17:00:00', '9', '0', '2018-04-13 00:00:00', 'api', '2018-04-13 08:00:00', 'api');
INSERT INTO `attendance` VALUES ('1697', '23', '2018-04-14 08:00:00', '2018-04-14 16:00:00', '8', '0', '2018-04-14 00:00:00', 'api', '2018-04-14 08:00:00', 'api');
INSERT INTO `attendance` VALUES ('1698', '23', '2018-04-15 09:00:00', '2018-04-15 17:00:00', '8', '1', '2018-04-15 00:00:00', 'api', '2018-04-15 09:00:00', 'api');
INSERT INTO `attendance` VALUES ('1699', '23', '2018-04-16 09:00:00', '2018-04-16 16:00:00', '7', '1', '2018-04-16 00:00:00', 'api', '2018-04-16 09:00:00', 'api');
INSERT INTO `attendance` VALUES ('1700', '23', '2018-04-17 09:00:00', '2018-04-17 16:00:00', '7', '1', '2018-04-17 00:00:00', 'api', '2018-04-17 09:00:00', 'api');
INSERT INTO `attendance` VALUES ('1701', '23', '2018-04-18 08:00:00', '2018-04-18 17:00:00', '9', '0', '2018-04-18 00:00:00', 'api', '2018-04-18 08:00:00', 'api');
INSERT INTO `attendance` VALUES ('1702', '23', '2018-04-19 09:00:00', '2018-04-19 16:00:00', '7', '1', '2018-04-19 00:00:00', 'api', '2018-04-19 09:00:00', 'api');
INSERT INTO `attendance` VALUES ('1703', '23', '2018-04-20 09:00:00', '2018-04-20 17:00:00', '8', '1', '2018-04-20 00:00:00', 'api', '2018-04-20 09:00:00', 'api');
INSERT INTO `attendance` VALUES ('1704', '23', '2018-04-21 08:00:00', '2018-04-21 17:00:00', '9', '0', '2018-04-21 00:00:00', 'api', '2018-04-21 08:00:00', 'api');
INSERT INTO `attendance` VALUES ('1705', '23', '2018-04-22 09:00:00', '2018-04-22 17:00:00', '8', '1', '2018-04-22 00:00:00', 'api', '2018-04-22 09:00:00', 'api');
INSERT INTO `attendance` VALUES ('1706', '23', '2018-04-23 09:00:00', '2018-04-23 17:00:00', '8', '1', '2018-04-23 00:00:00', 'api', '2018-04-23 09:00:00', 'api');
INSERT INTO `attendance` VALUES ('1707', '23', '2018-04-24 08:00:00', '2018-04-24 17:00:00', '9', '0', '2018-04-24 00:00:00', 'api', '2018-04-24 08:00:00', 'api');
INSERT INTO `attendance` VALUES ('1708', '23', '2018-04-25 08:00:00', '2018-04-25 16:00:00', '8', '0', '2018-04-25 00:00:00', 'api', '2018-04-25 08:00:00', 'api');
INSERT INTO `attendance` VALUES ('1709', '23', '2018-04-26 08:00:00', '2018-04-26 17:00:00', '9', '0', '2018-04-26 00:00:00', 'api', '2018-04-26 08:00:00', 'api');
INSERT INTO `attendance` VALUES ('1710', '23', '2018-04-27 09:00:00', '2018-04-27 17:00:00', '8', '1', '2018-04-27 00:00:00', 'api', '2018-04-27 09:00:00', 'api');
INSERT INTO `attendance` VALUES ('1711', '23', '2018-04-28 08:00:00', '2018-04-28 16:00:00', '8', '0', '2018-04-28 00:00:00', 'api', '2018-04-28 08:00:00', 'api');
INSERT INTO `attendance` VALUES ('1712', '23', '2018-04-29 08:00:00', '2018-04-29 16:00:00', '8', '0', '2018-04-29 00:00:00', 'api', '2018-04-29 08:00:00', 'api');
INSERT INTO `attendance` VALUES ('1713', '23', '2018-04-30 09:00:00', '2018-04-30 16:00:00', '7', '1', '2018-04-30 00:00:00', 'api', '2018-04-30 09:00:00', 'api');
INSERT INTO `attendance` VALUES ('1714', '24', '2018-04-01 09:00:00', '2018-04-01 17:00:00', '8', '1', '2018-04-01 00:00:00', 'api', '2018-04-01 09:00:00', 'api');
INSERT INTO `attendance` VALUES ('1715', '24', '2018-04-02 09:00:00', '2018-04-02 17:00:00', '8', '1', '2018-04-02 00:00:00', 'api', '2018-04-02 09:00:00', 'api');
INSERT INTO `attendance` VALUES ('1716', '24', '2018-04-03 08:00:00', '2018-04-03 17:00:00', '9', '0', '2018-04-03 00:00:00', 'api', '2018-04-03 08:00:00', 'api');
INSERT INTO `attendance` VALUES ('1717', '24', '2018-04-04 08:00:00', '2018-04-04 17:00:00', '9', '0', '2018-04-04 00:00:00', 'api', '2018-04-04 08:00:00', 'api');
INSERT INTO `attendance` VALUES ('1718', '24', '2018-04-05 08:00:00', '2018-04-05 17:00:00', '9', '0', '2018-04-05 00:00:00', 'api', '2018-04-05 08:00:00', 'api');
INSERT INTO `attendance` VALUES ('1719', '24', '2018-04-06 09:00:00', '2018-04-06 17:00:00', '8', '1', '2018-04-06 00:00:00', 'api', '2018-04-06 09:00:00', 'api');
INSERT INTO `attendance` VALUES ('1720', '24', '2018-04-07 08:00:00', '2018-04-07 16:00:00', '8', '0', '2018-04-07 00:00:00', 'api', '2018-04-07 08:00:00', 'api');
INSERT INTO `attendance` VALUES ('1721', '24', '2018-04-08 08:00:00', '2018-04-08 17:00:00', '9', '0', '2018-04-08 00:00:00', 'api', '2018-04-08 08:00:00', 'api');
INSERT INTO `attendance` VALUES ('1722', '24', '2018-04-09 08:00:00', '2018-04-09 17:00:00', '9', '0', '2018-04-09 00:00:00', 'api', '2018-04-09 08:00:00', 'api');
INSERT INTO `attendance` VALUES ('1723', '24', '2018-04-10 08:00:00', '2018-04-10 16:00:00', '8', '0', '2018-04-10 00:00:00', 'api', '2018-04-10 08:00:00', 'api');
INSERT INTO `attendance` VALUES ('1724', '24', '2018-04-11 08:00:00', '2018-04-11 17:00:00', '9', '0', '2018-04-11 00:00:00', 'api', '2018-04-11 08:00:00', 'api');
INSERT INTO `attendance` VALUES ('1725', '24', '2018-04-12 08:00:00', '2018-04-12 16:00:00', '8', '0', '2018-04-12 00:00:00', 'api', '2018-04-12 08:00:00', 'api');
INSERT INTO `attendance` VALUES ('1726', '24', '2018-04-13 09:00:00', '2018-04-13 17:00:00', '8', '1', '2018-04-13 00:00:00', 'api', '2018-04-13 09:00:00', 'api');
INSERT INTO `attendance` VALUES ('1727', '24', '2018-04-14 08:00:00', '2018-04-14 17:00:00', '9', '0', '2018-04-14 00:00:00', 'api', '2018-04-14 08:00:00', 'api');
INSERT INTO `attendance` VALUES ('1728', '24', '2018-04-15 08:00:00', '2018-04-15 16:00:00', '8', '0', '2018-04-15 00:00:00', 'api', '2018-04-15 08:00:00', 'api');
INSERT INTO `attendance` VALUES ('1729', '24', '2018-04-16 09:00:00', '2018-04-16 16:00:00', '7', '1', '2018-04-16 00:00:00', 'api', '2018-04-16 09:00:00', 'api');
INSERT INTO `attendance` VALUES ('1730', '24', '2018-04-17 08:00:00', '2018-04-17 17:00:00', '9', '0', '2018-04-17 00:00:00', 'api', '2018-04-17 08:00:00', 'api');
INSERT INTO `attendance` VALUES ('1731', '24', '2018-04-18 08:00:00', '2018-04-18 16:00:00', '8', '0', '2018-04-18 00:00:00', 'api', '2018-04-18 08:00:00', 'api');
INSERT INTO `attendance` VALUES ('1732', '24', '2018-04-19 09:00:00', '2018-04-19 16:00:00', '7', '1', '2018-04-19 00:00:00', 'api', '2018-04-19 09:00:00', 'api');
INSERT INTO `attendance` VALUES ('1733', '24', '2018-04-20 09:00:00', '2018-04-20 17:00:00', '8', '1', '2018-04-20 00:00:00', 'api', '2018-04-20 09:00:00', 'api');
INSERT INTO `attendance` VALUES ('1734', '24', '2018-04-21 09:00:00', '2018-04-21 17:00:00', '8', '1', '2018-04-21 00:00:00', 'api', '2018-04-21 09:00:00', 'api');
INSERT INTO `attendance` VALUES ('1735', '24', '2018-04-22 08:00:00', '2018-04-22 16:00:00', '8', '0', '2018-04-22 00:00:00', 'api', '2018-04-22 08:00:00', 'api');
INSERT INTO `attendance` VALUES ('1736', '24', '2018-04-23 08:00:00', '2018-04-23 16:00:00', '8', '0', '2018-04-23 00:00:00', 'api', '2018-04-23 08:00:00', 'api');
INSERT INTO `attendance` VALUES ('1737', '24', '2018-04-24 09:00:00', '2018-04-24 17:00:00', '8', '1', '2018-04-24 00:00:00', 'api', '2018-04-24 09:00:00', 'api');
INSERT INTO `attendance` VALUES ('1738', '24', '2018-04-25 09:00:00', '2018-04-25 17:00:00', '8', '1', '2018-04-25 00:00:00', 'api', '2018-04-25 09:00:00', 'api');
INSERT INTO `attendance` VALUES ('1739', '24', '2018-04-26 09:00:00', '2018-04-26 16:00:00', '7', '1', '2018-04-26 00:00:00', 'api', '2018-04-26 09:00:00', 'api');
INSERT INTO `attendance` VALUES ('1740', '24', '2018-04-27 09:00:00', '2018-04-27 16:00:00', '7', '1', '2018-04-27 00:00:00', 'api', '2018-04-27 09:00:00', 'api');
INSERT INTO `attendance` VALUES ('1741', '24', '2018-04-28 09:00:00', '2018-04-28 17:00:00', '8', '1', '2018-04-28 00:00:00', 'api', '2018-04-28 09:00:00', 'api');
INSERT INTO `attendance` VALUES ('1742', '24', '2018-04-29 09:00:00', '2018-04-29 16:00:00', '7', '1', '2018-04-29 00:00:00', 'api', '2018-04-29 09:00:00', 'api');
INSERT INTO `attendance` VALUES ('1743', '24', '2018-04-30 09:00:00', '2018-04-30 17:00:00', '8', '1', '2018-04-30 00:00:00', 'api', '2018-04-30 09:00:00', 'api');
INSERT INTO `attendance` VALUES ('1744', '25', '2018-04-01 08:00:00', '2018-04-01 17:00:00', '9', '0', '2018-04-01 00:00:00', 'api', '2018-04-01 08:00:00', 'api');
INSERT INTO `attendance` VALUES ('1745', '25', '2018-04-02 08:00:00', '2018-04-02 17:00:00', '9', '0', '2018-04-02 00:00:00', 'api', '2018-04-02 08:00:00', 'api');
INSERT INTO `attendance` VALUES ('1746', '25', '2018-04-03 08:00:00', '2018-04-03 16:00:00', '8', '0', '2018-04-03 00:00:00', 'api', '2018-04-03 08:00:00', 'api');
INSERT INTO `attendance` VALUES ('1747', '25', '2018-04-04 09:00:00', '2018-04-04 17:00:00', '8', '1', '2018-04-04 00:00:00', 'api', '2018-04-04 09:00:00', 'api');
INSERT INTO `attendance` VALUES ('1748', '25', '2018-04-05 09:00:00', '2018-04-05 17:00:00', '8', '1', '2018-04-05 00:00:00', 'api', '2018-04-05 09:00:00', 'api');
INSERT INTO `attendance` VALUES ('1749', '25', '2018-04-06 08:00:00', '2018-04-06 16:00:00', '8', '0', '2018-04-06 00:00:00', 'api', '2018-04-06 08:00:00', 'api');
INSERT INTO `attendance` VALUES ('1750', '25', '2018-04-07 09:00:00', '2018-04-07 16:00:00', '7', '1', '2018-04-07 00:00:00', 'api', '2018-04-07 09:00:00', 'api');
INSERT INTO `attendance` VALUES ('1751', '25', '2018-04-08 08:00:00', '2018-04-08 17:00:00', '9', '0', '2018-04-08 00:00:00', 'api', '2018-04-08 08:00:00', 'api');
INSERT INTO `attendance` VALUES ('1752', '25', '2018-04-09 09:00:00', '2018-04-09 16:00:00', '7', '1', '2018-04-09 00:00:00', 'api', '2018-04-09 09:00:00', 'api');
INSERT INTO `attendance` VALUES ('1753', '25', '2018-04-10 08:00:00', '2018-04-10 16:00:00', '8', '0', '2018-04-10 00:00:00', 'api', '2018-04-10 08:00:00', 'api');
INSERT INTO `attendance` VALUES ('1754', '25', '2018-04-11 09:00:00', '2018-04-11 17:00:00', '8', '1', '2018-04-11 00:00:00', 'api', '2018-04-11 09:00:00', 'api');
INSERT INTO `attendance` VALUES ('1755', '25', '2018-04-12 08:00:00', '2018-04-12 16:00:00', '8', '0', '2018-04-12 00:00:00', 'api', '2018-04-12 08:00:00', 'api');
INSERT INTO `attendance` VALUES ('1756', '25', '2018-04-13 09:00:00', '2018-04-13 17:00:00', '8', '1', '2018-04-13 00:00:00', 'api', '2018-04-13 09:00:00', 'api');
INSERT INTO `attendance` VALUES ('1757', '25', '2018-04-14 09:00:00', '2018-04-14 17:00:00', '8', '1', '2018-04-14 00:00:00', 'api', '2018-04-14 09:00:00', 'api');
INSERT INTO `attendance` VALUES ('1758', '25', '2018-04-15 08:00:00', '2018-04-15 16:00:00', '8', '0', '2018-04-15 00:00:00', 'api', '2018-04-15 08:00:00', 'api');
INSERT INTO `attendance` VALUES ('1759', '25', '2018-04-16 08:00:00', '2018-04-16 17:00:00', '9', '0', '2018-04-16 00:00:00', 'api', '2018-04-16 08:00:00', 'api');
INSERT INTO `attendance` VALUES ('1760', '25', '2018-04-17 08:00:00', '2018-04-17 17:00:00', '9', '0', '2018-04-17 00:00:00', 'api', '2018-04-17 08:00:00', 'api');
INSERT INTO `attendance` VALUES ('1761', '25', '2018-04-18 09:00:00', '2018-04-18 16:00:00', '7', '1', '2018-04-18 00:00:00', 'api', '2018-04-18 09:00:00', 'api');
INSERT INTO `attendance` VALUES ('1762', '25', '2018-04-19 08:00:00', '2018-04-19 16:00:00', '8', '0', '2018-04-19 00:00:00', 'api', '2018-04-19 08:00:00', 'api');
INSERT INTO `attendance` VALUES ('1763', '25', '2018-04-20 08:00:00', '2018-04-20 16:00:00', '8', '0', '2018-04-20 00:00:00', 'api', '2018-04-20 08:00:00', 'api');
INSERT INTO `attendance` VALUES ('1764', '25', '2018-04-21 08:00:00', '2018-04-21 16:00:00', '8', '0', '2018-04-21 00:00:00', 'api', '2018-04-21 08:00:00', 'api');
INSERT INTO `attendance` VALUES ('1765', '25', '2018-04-22 08:00:00', '2018-04-22 17:00:00', '9', '0', '2018-04-22 00:00:00', 'api', '2018-04-22 08:00:00', 'api');
INSERT INTO `attendance` VALUES ('1766', '25', '2018-04-23 09:00:00', '2018-04-23 16:00:00', '7', '1', '2018-04-23 00:00:00', 'api', '2018-04-23 09:00:00', 'api');
INSERT INTO `attendance` VALUES ('1767', '25', '2018-04-24 09:00:00', '2018-04-24 17:00:00', '8', '1', '2018-04-24 00:00:00', 'api', '2018-04-24 09:00:00', 'api');
INSERT INTO `attendance` VALUES ('1768', '25', '2018-04-25 08:00:00', '2018-04-25 17:00:00', '9', '0', '2018-04-25 00:00:00', 'api', '2018-04-25 08:00:00', 'api');
INSERT INTO `attendance` VALUES ('1769', '25', '2018-04-26 09:00:00', '2018-04-26 17:00:00', '8', '1', '2018-04-26 00:00:00', 'api', '2018-04-26 09:00:00', 'api');
INSERT INTO `attendance` VALUES ('1770', '25', '2018-04-27 09:00:00', '2018-04-27 16:00:00', '7', '1', '2018-04-27 00:00:00', 'api', '2018-04-27 09:00:00', 'api');
INSERT INTO `attendance` VALUES ('1771', '25', '2018-04-28 08:00:00', '2018-04-28 16:00:00', '8', '0', '2018-04-28 00:00:00', 'api', '2018-04-28 08:00:00', 'api');
INSERT INTO `attendance` VALUES ('1772', '25', '2018-04-29 09:00:00', '2018-04-29 16:00:00', '7', '1', '2018-04-29 00:00:00', 'api', '2018-04-29 09:00:00', 'api');
INSERT INTO `attendance` VALUES ('1773', '25', '2018-04-30 08:00:00', '2018-04-30 17:00:00', '9', '0', '2018-04-30 00:00:00', 'api', '2018-04-30 08:00:00', 'api');
INSERT INTO `attendance` VALUES ('1774', '26', '2018-04-01 09:00:00', '2018-04-01 16:00:00', '7', '1', '2018-04-01 00:00:00', 'api', '2018-04-01 09:00:00', 'api');
INSERT INTO `attendance` VALUES ('1775', '26', '2018-04-02 08:00:00', '2018-04-02 16:00:00', '8', '0', '2018-04-02 00:00:00', 'api', '2018-04-02 08:00:00', 'api');
INSERT INTO `attendance` VALUES ('1776', '26', '2018-04-03 08:00:00', '2018-04-03 16:00:00', '8', '0', '2018-04-03 00:00:00', 'api', '2018-04-03 08:00:00', 'api');
INSERT INTO `attendance` VALUES ('1777', '26', '2018-04-04 09:00:00', '2018-04-04 16:00:00', '7', '1', '2018-04-04 00:00:00', 'api', '2018-04-04 09:00:00', 'api');
INSERT INTO `attendance` VALUES ('1778', '26', '2018-04-05 08:00:00', '2018-04-05 17:00:00', '9', '0', '2018-04-05 00:00:00', 'api', '2018-04-05 08:00:00', 'api');
INSERT INTO `attendance` VALUES ('1779', '26', '2018-04-06 09:00:00', '2018-04-06 17:00:00', '8', '1', '2018-04-06 00:00:00', 'api', '2018-04-06 09:00:00', 'api');
INSERT INTO `attendance` VALUES ('1780', '26', '2018-04-07 08:00:00', '2018-04-07 16:00:00', '8', '0', '2018-04-07 00:00:00', 'api', '2018-04-07 08:00:00', 'api');
INSERT INTO `attendance` VALUES ('1781', '26', '2018-04-08 09:00:00', '2018-04-08 17:00:00', '8', '1', '2018-04-08 00:00:00', 'api', '2018-04-08 09:00:00', 'api');
INSERT INTO `attendance` VALUES ('1782', '26', '2018-04-09 09:00:00', '2018-04-09 17:00:00', '8', '1', '2018-04-09 00:00:00', 'api', '2018-04-09 09:00:00', 'api');
INSERT INTO `attendance` VALUES ('1783', '26', '2018-04-10 08:00:00', '2018-04-10 16:00:00', '8', '0', '2018-04-10 00:00:00', 'api', '2018-04-10 08:00:00', 'api');
INSERT INTO `attendance` VALUES ('1784', '26', '2018-04-11 09:00:00', '2018-04-11 16:00:00', '7', '1', '2018-04-11 00:00:00', 'api', '2018-04-11 09:00:00', 'api');
INSERT INTO `attendance` VALUES ('1785', '26', '2018-04-12 09:00:00', '2018-04-12 16:00:00', '7', '1', '2018-04-12 00:00:00', 'api', '2018-04-12 09:00:00', 'api');
INSERT INTO `attendance` VALUES ('1786', '26', '2018-04-13 08:00:00', '2018-04-13 16:00:00', '8', '0', '2018-04-13 00:00:00', 'api', '2018-04-13 08:00:00', 'api');
INSERT INTO `attendance` VALUES ('1787', '26', '2018-04-14 09:00:00', '2018-04-14 17:00:00', '8', '1', '2018-04-14 00:00:00', 'api', '2018-04-14 09:00:00', 'api');
INSERT INTO `attendance` VALUES ('1788', '26', '2018-04-15 09:00:00', '2018-04-15 17:00:00', '8', '1', '2018-04-15 00:00:00', 'api', '2018-04-15 09:00:00', 'api');
INSERT INTO `attendance` VALUES ('1789', '26', '2018-04-16 08:00:00', '2018-04-16 17:00:00', '9', '0', '2018-04-16 00:00:00', 'api', '2018-04-16 08:00:00', 'api');
INSERT INTO `attendance` VALUES ('1790', '26', '2018-04-17 09:00:00', '2018-04-17 16:00:00', '7', '1', '2018-04-17 00:00:00', 'api', '2018-04-17 09:00:00', 'api');
INSERT INTO `attendance` VALUES ('1791', '26', '2018-04-18 08:00:00', '2018-04-18 17:00:00', '9', '0', '2018-04-18 00:00:00', 'api', '2018-04-18 08:00:00', 'api');
INSERT INTO `attendance` VALUES ('1792', '26', '2018-04-19 09:00:00', '2018-04-19 16:00:00', '7', '1', '2018-04-19 00:00:00', 'api', '2018-04-19 09:00:00', 'api');
INSERT INTO `attendance` VALUES ('1793', '26', '2018-04-20 09:00:00', '2018-04-20 17:00:00', '8', '1', '2018-04-20 00:00:00', 'api', '2018-04-20 09:00:00', 'api');
INSERT INTO `attendance` VALUES ('1794', '26', '2018-04-21 08:00:00', '2018-04-21 17:00:00', '9', '0', '2018-04-21 00:00:00', 'api', '2018-04-21 08:00:00', 'api');
INSERT INTO `attendance` VALUES ('1795', '26', '2018-04-22 09:00:00', '2018-04-22 17:00:00', '8', '1', '2018-04-22 00:00:00', 'api', '2018-04-22 09:00:00', 'api');
INSERT INTO `attendance` VALUES ('1796', '26', '2018-04-23 09:00:00', '2018-04-23 17:00:00', '8', '1', '2018-04-23 00:00:00', 'api', '2018-04-23 09:00:00', 'api');
INSERT INTO `attendance` VALUES ('1797', '26', '2018-04-24 08:00:00', '2018-04-24 17:00:00', '9', '0', '2018-04-24 00:00:00', 'api', '2018-04-24 08:00:00', 'api');
INSERT INTO `attendance` VALUES ('1798', '26', '2018-04-25 08:00:00', '2018-04-25 17:00:00', '9', '0', '2018-04-25 00:00:00', 'api', '2018-04-25 08:00:00', 'api');
INSERT INTO `attendance` VALUES ('1799', '26', '2018-04-26 08:00:00', '2018-04-26 16:00:00', '8', '0', '2018-04-26 00:00:00', 'api', '2018-04-26 08:00:00', 'api');
INSERT INTO `attendance` VALUES ('1800', '26', '2018-04-27 09:00:00', '2018-04-27 17:00:00', '8', '1', '2018-04-27 00:00:00', 'api', '2018-04-27 09:00:00', 'api');
INSERT INTO `attendance` VALUES ('1801', '26', '2018-04-28 09:00:00', '2018-04-28 17:00:00', '8', '1', '2018-04-28 00:00:00', 'api', '2018-04-28 09:00:00', 'api');
INSERT INTO `attendance` VALUES ('1802', '26', '2018-04-29 08:00:00', '2018-04-29 17:00:00', '9', '0', '2018-04-29 00:00:00', 'api', '2018-04-29 08:00:00', 'api');
INSERT INTO `attendance` VALUES ('1803', '26', '2018-04-30 09:00:00', '2018-04-30 16:00:00', '7', '1', '2018-04-30 00:00:00', 'api', '2018-04-30 09:00:00', 'api');
INSERT INTO `attendance` VALUES ('1804', '27', '2018-04-01 08:00:00', '2018-04-01 16:00:00', '8', '0', '2018-04-01 00:00:00', 'api', '2018-04-01 08:00:00', 'api');
INSERT INTO `attendance` VALUES ('1805', '27', '2018-04-02 09:00:00', '2018-04-02 16:00:00', '7', '1', '2018-04-02 00:00:00', 'api', '2018-04-02 09:00:00', 'api');
INSERT INTO `attendance` VALUES ('1806', '27', '2018-04-03 09:00:00', '2018-04-03 16:00:00', '7', '1', '2018-04-03 00:00:00', 'api', '2018-04-03 09:00:00', 'api');
INSERT INTO `attendance` VALUES ('1807', '27', '2018-04-04 09:00:00', '2018-04-04 16:00:00', '7', '1', '2018-04-04 00:00:00', 'api', '2018-04-04 09:00:00', 'api');
INSERT INTO `attendance` VALUES ('1808', '27', '2018-04-05 09:00:00', '2018-04-05 17:00:00', '8', '1', '2018-04-05 00:00:00', 'api', '2018-04-05 09:00:00', 'api');
INSERT INTO `attendance` VALUES ('1809', '27', '2018-04-06 08:00:00', '2018-04-06 17:00:00', '9', '0', '2018-04-06 00:00:00', 'api', '2018-04-06 08:00:00', 'api');
INSERT INTO `attendance` VALUES ('1810', '27', '2018-04-07 08:00:00', '2018-04-07 16:00:00', '8', '0', '2018-04-07 00:00:00', 'api', '2018-04-07 08:00:00', 'api');
INSERT INTO `attendance` VALUES ('1811', '27', '2018-04-08 08:00:00', '2018-04-08 16:00:00', '8', '0', '2018-04-08 00:00:00', 'api', '2018-04-08 08:00:00', 'api');
INSERT INTO `attendance` VALUES ('1812', '27', '2018-04-09 08:00:00', '2018-04-09 16:00:00', '8', '0', '2018-04-09 00:00:00', 'api', '2018-04-09 08:00:00', 'api');
INSERT INTO `attendance` VALUES ('1813', '27', '2018-04-10 08:00:00', '2018-04-10 16:00:00', '8', '0', '2018-04-10 00:00:00', 'api', '2018-04-10 08:00:00', 'api');
INSERT INTO `attendance` VALUES ('1814', '27', '2018-04-11 08:00:00', '2018-04-11 17:00:00', '9', '0', '2018-04-11 00:00:00', 'api', '2018-04-11 08:00:00', 'api');
INSERT INTO `attendance` VALUES ('1815', '27', '2018-04-12 09:00:00', '2018-04-12 16:00:00', '7', '1', '2018-04-12 00:00:00', 'api', '2018-04-12 09:00:00', 'api');
INSERT INTO `attendance` VALUES ('1816', '27', '2018-04-13 09:00:00', '2018-04-13 16:00:00', '7', '1', '2018-04-13 00:00:00', 'api', '2018-04-13 09:00:00', 'api');
INSERT INTO `attendance` VALUES ('1817', '27', '2018-04-14 09:00:00', '2018-04-14 17:00:00', '8', '1', '2018-04-14 00:00:00', 'api', '2018-04-14 09:00:00', 'api');
INSERT INTO `attendance` VALUES ('1818', '27', '2018-04-15 09:00:00', '2018-04-15 16:00:00', '7', '1', '2018-04-15 00:00:00', 'api', '2018-04-15 09:00:00', 'api');
INSERT INTO `attendance` VALUES ('1819', '27', '2018-04-16 08:00:00', '2018-04-16 16:00:00', '8', '0', '2018-04-16 00:00:00', 'api', '2018-04-16 08:00:00', 'api');
INSERT INTO `attendance` VALUES ('1820', '27', '2018-04-17 08:00:00', '2018-04-17 16:00:00', '8', '0', '2018-04-17 00:00:00', 'api', '2018-04-17 08:00:00', 'api');
INSERT INTO `attendance` VALUES ('1821', '27', '2018-04-18 08:00:00', '2018-04-18 17:00:00', '9', '0', '2018-04-18 00:00:00', 'api', '2018-04-18 08:00:00', 'api');
INSERT INTO `attendance` VALUES ('1822', '27', '2018-04-19 09:00:00', '2018-04-19 16:00:00', '7', '1', '2018-04-19 00:00:00', 'api', '2018-04-19 09:00:00', 'api');
INSERT INTO `attendance` VALUES ('1823', '27', '2018-04-20 08:00:00', '2018-04-20 17:00:00', '9', '0', '2018-04-20 00:00:00', 'api', '2018-04-20 08:00:00', 'api');
INSERT INTO `attendance` VALUES ('1824', '27', '2018-04-21 08:00:00', '2018-04-21 16:00:00', '8', '0', '2018-04-21 00:00:00', 'api', '2018-04-21 08:00:00', 'api');
INSERT INTO `attendance` VALUES ('1825', '27', '2018-04-22 09:00:00', '2018-04-22 16:00:00', '7', '1', '2018-04-22 00:00:00', 'api', '2018-04-22 09:00:00', 'api');
INSERT INTO `attendance` VALUES ('1826', '27', '2018-04-23 09:00:00', '2018-04-23 16:00:00', '7', '1', '2018-04-23 00:00:00', 'api', '2018-04-23 09:00:00', 'api');
INSERT INTO `attendance` VALUES ('1827', '27', '2018-04-24 09:00:00', '2018-04-24 17:00:00', '8', '1', '2018-04-24 00:00:00', 'api', '2018-04-24 09:00:00', 'api');
INSERT INTO `attendance` VALUES ('1828', '27', '2018-04-25 08:00:00', '2018-04-25 16:00:00', '8', '0', '2018-04-25 00:00:00', 'api', '2018-04-25 08:00:00', 'api');
INSERT INTO `attendance` VALUES ('1829', '27', '2018-04-26 09:00:00', '2018-04-26 17:00:00', '8', '1', '2018-04-26 00:00:00', 'api', '2018-04-26 09:00:00', 'api');
INSERT INTO `attendance` VALUES ('1830', '27', '2018-04-27 08:00:00', '2018-04-27 16:00:00', '8', '0', '2018-04-27 00:00:00', 'api', '2018-04-27 08:00:00', 'api');
INSERT INTO `attendance` VALUES ('1831', '27', '2018-04-28 09:00:00', '2018-04-28 17:00:00', '8', '1', '2018-04-28 00:00:00', 'api', '2018-04-28 09:00:00', 'api');
INSERT INTO `attendance` VALUES ('1832', '27', '2018-04-29 09:00:00', '2018-04-29 17:00:00', '8', '1', '2018-04-29 00:00:00', 'api', '2018-04-29 09:00:00', 'api');
INSERT INTO `attendance` VALUES ('1833', '27', '2018-04-30 09:00:00', '2018-04-30 17:00:00', '8', '1', '2018-04-30 00:00:00', 'api', '2018-04-30 09:00:00', 'api');
INSERT INTO `attendance` VALUES ('1834', '28', '2018-04-01 08:00:00', '2018-04-01 17:00:00', '9', '0', '2018-04-01 00:00:00', 'api', '2018-04-01 08:00:00', 'api');
INSERT INTO `attendance` VALUES ('1835', '28', '2018-04-02 08:00:00', '2018-04-02 16:00:00', '8', '0', '2018-04-02 00:00:00', 'api', '2018-04-02 08:00:00', 'api');
INSERT INTO `attendance` VALUES ('1836', '28', '2018-04-03 09:00:00', '2018-04-03 16:00:00', '7', '1', '2018-04-03 00:00:00', 'api', '2018-04-03 09:00:00', 'api');
INSERT INTO `attendance` VALUES ('1837', '28', '2018-04-04 09:00:00', '2018-04-04 17:00:00', '8', '1', '2018-04-04 00:00:00', 'api', '2018-04-04 09:00:00', 'api');
INSERT INTO `attendance` VALUES ('1838', '28', '2018-04-05 09:00:00', '2018-04-05 17:00:00', '8', '1', '2018-04-05 00:00:00', 'api', '2018-04-05 09:00:00', 'api');
INSERT INTO `attendance` VALUES ('1839', '28', '2018-04-06 08:00:00', '2018-04-06 16:00:00', '8', '0', '2018-04-06 00:00:00', 'api', '2018-04-06 08:00:00', 'api');
INSERT INTO `attendance` VALUES ('1840', '28', '2018-04-07 09:00:00', '2018-04-07 16:00:00', '7', '1', '2018-04-07 00:00:00', 'api', '2018-04-07 09:00:00', 'api');
INSERT INTO `attendance` VALUES ('1841', '28', '2018-04-08 08:00:00', '2018-04-08 16:00:00', '8', '0', '2018-04-08 00:00:00', 'api', '2018-04-08 08:00:00', 'api');
INSERT INTO `attendance` VALUES ('1842', '28', '2018-04-09 09:00:00', '2018-04-09 17:00:00', '8', '1', '2018-04-09 00:00:00', 'api', '2018-04-09 09:00:00', 'api');
INSERT INTO `attendance` VALUES ('1843', '28', '2018-04-10 09:00:00', '2018-04-10 16:00:00', '7', '1', '2018-04-10 00:00:00', 'api', '2018-04-10 09:00:00', 'api');
INSERT INTO `attendance` VALUES ('1844', '28', '2018-04-11 09:00:00', '2018-04-11 16:00:00', '7', '1', '2018-04-11 00:00:00', 'api', '2018-04-11 09:00:00', 'api');
INSERT INTO `attendance` VALUES ('1845', '28', '2018-04-12 09:00:00', '2018-04-12 17:00:00', '8', '1', '2018-04-12 00:00:00', 'api', '2018-04-12 09:00:00', 'api');
INSERT INTO `attendance` VALUES ('1846', '28', '2018-04-13 08:00:00', '2018-04-13 16:00:00', '8', '0', '2018-04-13 00:00:00', 'api', '2018-04-13 08:00:00', 'api');
INSERT INTO `attendance` VALUES ('1847', '28', '2018-04-14 09:00:00', '2018-04-14 16:00:00', '7', '1', '2018-04-14 00:00:00', 'api', '2018-04-14 09:00:00', 'api');
INSERT INTO `attendance` VALUES ('1848', '28', '2018-04-15 09:00:00', '2018-04-15 17:00:00', '8', '1', '2018-04-15 00:00:00', 'api', '2018-04-15 09:00:00', 'api');
INSERT INTO `attendance` VALUES ('1849', '28', '2018-04-16 08:00:00', '2018-04-16 16:00:00', '8', '0', '2018-04-16 00:00:00', 'api', '2018-04-16 08:00:00', 'api');
INSERT INTO `attendance` VALUES ('1850', '28', '2018-04-17 09:00:00', '2018-04-17 17:00:00', '8', '1', '2018-04-17 00:00:00', 'api', '2018-04-17 09:00:00', 'api');
INSERT INTO `attendance` VALUES ('1851', '28', '2018-04-18 09:00:00', '2018-04-18 16:00:00', '7', '1', '2018-04-18 00:00:00', 'api', '2018-04-18 09:00:00', 'api');
INSERT INTO `attendance` VALUES ('1852', '28', '2018-04-19 09:00:00', '2018-04-19 17:00:00', '8', '1', '2018-04-19 00:00:00', 'api', '2018-04-19 09:00:00', 'api');
INSERT INTO `attendance` VALUES ('1853', '28', '2018-04-20 09:00:00', '2018-04-20 16:00:00', '7', '1', '2018-04-20 00:00:00', 'api', '2018-04-20 09:00:00', 'api');
INSERT INTO `attendance` VALUES ('1854', '28', '2018-04-21 09:00:00', '2018-04-21 17:00:00', '8', '1', '2018-04-21 00:00:00', 'api', '2018-04-21 09:00:00', 'api');
INSERT INTO `attendance` VALUES ('1855', '28', '2018-04-22 08:00:00', '2018-04-22 17:00:00', '9', '0', '2018-04-22 00:00:00', 'api', '2018-04-22 08:00:00', 'api');
INSERT INTO `attendance` VALUES ('1856', '28', '2018-04-23 09:00:00', '2018-04-23 17:00:00', '8', '1', '2018-04-23 00:00:00', 'api', '2018-04-23 09:00:00', 'api');
INSERT INTO `attendance` VALUES ('1857', '28', '2018-04-24 08:00:00', '2018-04-24 16:00:00', '8', '0', '2018-04-24 00:00:00', 'api', '2018-04-24 08:00:00', 'api');
INSERT INTO `attendance` VALUES ('1858', '28', '2018-04-25 09:00:00', '2018-04-25 17:00:00', '8', '1', '2018-04-25 00:00:00', 'api', '2018-04-25 09:00:00', 'api');
INSERT INTO `attendance` VALUES ('1859', '28', '2018-04-26 09:00:00', '2018-04-26 17:00:00', '8', '1', '2018-04-26 00:00:00', 'api', '2018-04-26 09:00:00', 'api');
INSERT INTO `attendance` VALUES ('1860', '28', '2018-04-27 08:00:00', '2018-04-27 16:00:00', '8', '0', '2018-04-27 00:00:00', 'api', '2018-04-27 08:00:00', 'api');
INSERT INTO `attendance` VALUES ('1861', '28', '2018-04-28 09:00:00', '2018-04-28 17:00:00', '8', '1', '2018-04-28 00:00:00', 'api', '2018-04-28 09:00:00', 'api');
INSERT INTO `attendance` VALUES ('1862', '28', '2018-04-29 08:00:00', '2018-04-29 16:00:00', '8', '0', '2018-04-29 00:00:00', 'api', '2018-04-29 08:00:00', 'api');
INSERT INTO `attendance` VALUES ('1863', '28', '2018-04-30 08:00:00', '2018-04-30 17:00:00', '9', '0', '2018-04-30 00:00:00', 'api', '2018-04-30 08:00:00', 'api');
INSERT INTO `attendance` VALUES ('1864', '29', '2018-04-01 09:00:00', '2018-04-01 16:00:00', '7', '1', '2018-04-01 00:00:00', 'api', '2018-04-01 09:00:00', 'api');
INSERT INTO `attendance` VALUES ('1865', '29', '2018-04-02 08:00:00', '2018-04-02 16:00:00', '8', '0', '2018-04-02 00:00:00', 'api', '2018-04-02 08:00:00', 'api');
INSERT INTO `attendance` VALUES ('1866', '29', '2018-04-03 09:00:00', '2018-04-03 17:00:00', '8', '1', '2018-04-03 00:00:00', 'api', '2018-04-03 09:00:00', 'api');
INSERT INTO `attendance` VALUES ('1867', '29', '2018-04-04 08:00:00', '2018-04-04 17:00:00', '9', '0', '2018-04-04 00:00:00', 'api', '2018-04-04 08:00:00', 'api');
INSERT INTO `attendance` VALUES ('1868', '29', '2018-04-05 08:00:00', '2018-04-05 17:00:00', '9', '0', '2018-04-05 00:00:00', 'api', '2018-04-05 08:00:00', 'api');
INSERT INTO `attendance` VALUES ('1869', '29', '2018-04-06 08:00:00', '2018-04-06 16:00:00', '8', '0', '2018-04-06 00:00:00', 'api', '2018-04-06 08:00:00', 'api');
INSERT INTO `attendance` VALUES ('1870', '29', '2018-04-07 09:00:00', '2018-04-07 17:00:00', '8', '1', '2018-04-07 00:00:00', 'api', '2018-04-07 09:00:00', 'api');
INSERT INTO `attendance` VALUES ('1871', '29', '2018-04-08 08:00:00', '2018-04-08 16:00:00', '8', '0', '2018-04-08 00:00:00', 'api', '2018-04-08 08:00:00', 'api');
INSERT INTO `attendance` VALUES ('1872', '29', '2018-04-09 08:00:00', '2018-04-09 17:00:00', '9', '0', '2018-04-09 00:00:00', 'api', '2018-04-09 08:00:00', 'api');
INSERT INTO `attendance` VALUES ('1873', '29', '2018-04-10 09:00:00', '2018-04-10 17:00:00', '8', '1', '2018-04-10 00:00:00', 'api', '2018-04-10 09:00:00', 'api');
INSERT INTO `attendance` VALUES ('1874', '29', '2018-04-11 08:00:00', '2018-04-11 17:00:00', '9', '0', '2018-04-11 00:00:00', 'api', '2018-04-11 08:00:00', 'api');
INSERT INTO `attendance` VALUES ('1875', '29', '2018-04-12 08:00:00', '2018-04-12 17:00:00', '9', '0', '2018-04-12 00:00:00', 'api', '2018-04-12 08:00:00', 'api');
INSERT INTO `attendance` VALUES ('1876', '29', '2018-04-13 08:00:00', '2018-04-13 16:00:00', '8', '0', '2018-04-13 00:00:00', 'api', '2018-04-13 08:00:00', 'api');
INSERT INTO `attendance` VALUES ('1877', '29', '2018-04-14 09:00:00', '2018-04-14 17:00:00', '8', '1', '2018-04-14 00:00:00', 'api', '2018-04-14 09:00:00', 'api');
INSERT INTO `attendance` VALUES ('1878', '29', '2018-04-15 08:00:00', '2018-04-15 16:00:00', '8', '0', '2018-04-15 00:00:00', 'api', '2018-04-15 08:00:00', 'api');
INSERT INTO `attendance` VALUES ('1879', '29', '2018-04-16 08:00:00', '2018-04-16 17:00:00', '9', '0', '2018-04-16 00:00:00', 'api', '2018-04-16 08:00:00', 'api');
INSERT INTO `attendance` VALUES ('1880', '29', '2018-04-17 08:00:00', '2018-04-17 16:00:00', '8', '0', '2018-04-17 00:00:00', 'api', '2018-04-17 08:00:00', 'api');
INSERT INTO `attendance` VALUES ('1881', '29', '2018-04-18 09:00:00', '2018-04-18 16:00:00', '7', '1', '2018-04-18 00:00:00', 'api', '2018-04-18 09:00:00', 'api');
INSERT INTO `attendance` VALUES ('1882', '29', '2018-04-19 09:00:00', '2018-04-19 16:00:00', '7', '1', '2018-04-19 00:00:00', 'api', '2018-04-19 09:00:00', 'api');
INSERT INTO `attendance` VALUES ('1883', '29', '2018-04-20 09:00:00', '2018-04-20 17:00:00', '8', '1', '2018-04-20 00:00:00', 'api', '2018-04-20 09:00:00', 'api');
INSERT INTO `attendance` VALUES ('1884', '29', '2018-04-21 09:00:00', '2018-04-21 16:00:00', '7', '1', '2018-04-21 00:00:00', 'api', '2018-04-21 09:00:00', 'api');
INSERT INTO `attendance` VALUES ('1885', '29', '2018-04-22 09:00:00', '2018-04-22 16:00:00', '7', '1', '2018-04-22 00:00:00', 'api', '2018-04-22 09:00:00', 'api');
INSERT INTO `attendance` VALUES ('1886', '29', '2018-04-23 08:00:00', '2018-04-23 16:00:00', '8', '0', '2018-04-23 00:00:00', 'api', '2018-04-23 08:00:00', 'api');
INSERT INTO `attendance` VALUES ('1887', '29', '2018-04-24 08:00:00', '2018-04-24 16:00:00', '8', '0', '2018-04-24 00:00:00', 'api', '2018-04-24 08:00:00', 'api');
INSERT INTO `attendance` VALUES ('1888', '29', '2018-04-25 09:00:00', '2018-04-25 16:00:00', '7', '1', '2018-04-25 00:00:00', 'api', '2018-04-25 09:00:00', 'api');
INSERT INTO `attendance` VALUES ('1889', '29', '2018-04-26 09:00:00', '2018-04-26 16:00:00', '7', '1', '2018-04-26 00:00:00', 'api', '2018-04-26 09:00:00', 'api');
INSERT INTO `attendance` VALUES ('1890', '29', '2018-04-27 08:00:00', '2018-04-27 16:00:00', '8', '0', '2018-04-27 00:00:00', 'api', '2018-04-27 08:00:00', 'api');
INSERT INTO `attendance` VALUES ('1891', '29', '2018-04-28 09:00:00', '2018-04-28 16:00:00', '7', '1', '2018-04-28 00:00:00', 'api', '2018-04-28 09:00:00', 'api');
INSERT INTO `attendance` VALUES ('1892', '29', '2018-04-29 08:00:00', '2018-04-29 17:00:00', '9', '0', '2018-04-29 00:00:00', 'api', '2018-04-29 08:00:00', 'api');
INSERT INTO `attendance` VALUES ('1893', '29', '2018-04-30 08:00:00', '2018-04-30 17:00:00', '9', '0', '2018-04-30 00:00:00', 'api', '2018-04-30 08:00:00', 'api');
INSERT INTO `attendance` VALUES ('1894', '30', '2018-04-01 09:00:00', '2018-04-01 16:00:00', '7', '1', '2018-04-01 00:00:00', 'api', '2018-04-01 09:00:00', 'api');
INSERT INTO `attendance` VALUES ('1895', '30', '2018-04-02 08:00:00', '2018-04-02 17:00:00', '9', '0', '2018-04-02 00:00:00', 'api', '2018-04-02 08:00:00', 'api');
INSERT INTO `attendance` VALUES ('1896', '30', '2018-04-03 08:00:00', '2018-04-03 17:00:00', '9', '0', '2018-04-03 00:00:00', 'api', '2018-04-03 08:00:00', 'api');
INSERT INTO `attendance` VALUES ('1897', '30', '2018-04-04 08:00:00', '2018-04-04 16:00:00', '8', '0', '2018-04-04 00:00:00', 'api', '2018-04-04 08:00:00', 'api');
INSERT INTO `attendance` VALUES ('1898', '30', '2018-04-05 09:00:00', '2018-04-05 17:00:00', '8', '1', '2018-04-05 00:00:00', 'api', '2018-04-05 09:00:00', 'api');
INSERT INTO `attendance` VALUES ('1899', '30', '2018-04-06 08:00:00', '2018-04-06 16:00:00', '8', '0', '2018-04-06 00:00:00', 'api', '2018-04-06 08:00:00', 'api');
INSERT INTO `attendance` VALUES ('1900', '30', '2018-04-07 08:00:00', '2018-04-07 17:00:00', '9', '0', '2018-04-07 00:00:00', 'api', '2018-04-07 08:00:00', 'api');
INSERT INTO `attendance` VALUES ('1901', '30', '2018-04-08 09:00:00', '2018-04-08 16:00:00', '7', '1', '2018-04-08 00:00:00', 'api', '2018-04-08 09:00:00', 'api');
INSERT INTO `attendance` VALUES ('1902', '30', '2018-04-09 09:00:00', '2018-04-09 17:00:00', '8', '1', '2018-04-09 00:00:00', 'api', '2018-04-09 09:00:00', 'api');
INSERT INTO `attendance` VALUES ('1903', '30', '2018-04-10 08:00:00', '2018-04-10 17:00:00', '9', '0', '2018-04-10 00:00:00', 'api', '2018-04-10 08:00:00', 'api');
INSERT INTO `attendance` VALUES ('1904', '30', '2018-04-11 09:00:00', '2018-04-11 16:00:00', '7', '1', '2018-04-11 00:00:00', 'api', '2018-04-11 09:00:00', 'api');
INSERT INTO `attendance` VALUES ('1905', '30', '2018-04-12 09:00:00', '2018-04-12 16:00:00', '7', '1', '2018-04-12 00:00:00', 'api', '2018-04-12 09:00:00', 'api');
INSERT INTO `attendance` VALUES ('1906', '30', '2018-04-13 09:00:00', '2018-04-13 17:00:00', '8', '1', '2018-04-13 00:00:00', 'api', '2018-04-13 09:00:00', 'api');
INSERT INTO `attendance` VALUES ('1907', '30', '2018-04-14 09:00:00', '2018-04-14 17:00:00', '8', '1', '2018-04-14 00:00:00', 'api', '2018-04-14 09:00:00', 'api');
INSERT INTO `attendance` VALUES ('1908', '30', '2018-04-15 09:00:00', '2018-04-15 17:00:00', '8', '1', '2018-04-15 00:00:00', 'api', '2018-04-15 09:00:00', 'api');
INSERT INTO `attendance` VALUES ('1909', '30', '2018-04-16 09:00:00', '2018-04-16 17:00:00', '8', '1', '2018-04-16 00:00:00', 'api', '2018-04-16 09:00:00', 'api');
INSERT INTO `attendance` VALUES ('1910', '30', '2018-04-17 09:00:00', '2018-04-17 17:00:00', '8', '1', '2018-04-17 00:00:00', 'api', '2018-04-17 09:00:00', 'api');
INSERT INTO `attendance` VALUES ('1911', '30', '2018-04-18 08:00:00', '2018-04-18 16:00:00', '8', '0', '2018-04-18 00:00:00', 'api', '2018-04-18 08:00:00', 'api');
INSERT INTO `attendance` VALUES ('1912', '30', '2018-04-19 09:00:00', '2018-04-19 16:00:00', '7', '1', '2018-04-19 00:00:00', 'api', '2018-04-19 09:00:00', 'api');
INSERT INTO `attendance` VALUES ('1913', '30', '2018-04-20 08:00:00', '2018-04-20 17:00:00', '9', '0', '2018-04-20 00:00:00', 'api', '2018-04-20 08:00:00', 'api');
INSERT INTO `attendance` VALUES ('1914', '30', '2018-04-21 09:00:00', '2018-04-21 16:00:00', '7', '1', '2018-04-21 00:00:00', 'api', '2018-04-21 09:00:00', 'api');
INSERT INTO `attendance` VALUES ('1915', '30', '2018-04-22 08:00:00', '2018-04-22 16:00:00', '8', '0', '2018-04-22 00:00:00', 'api', '2018-04-22 08:00:00', 'api');
INSERT INTO `attendance` VALUES ('1916', '30', '2018-04-23 09:00:00', '2018-04-23 17:00:00', '8', '1', '2018-04-23 00:00:00', 'api', '2018-04-23 09:00:00', 'api');
INSERT INTO `attendance` VALUES ('1917', '30', '2018-04-24 08:00:00', '2018-04-24 17:00:00', '9', '0', '2018-04-24 00:00:00', 'api', '2018-04-24 08:00:00', 'api');
INSERT INTO `attendance` VALUES ('1918', '30', '2018-04-25 09:00:00', '2018-04-25 17:00:00', '8', '1', '2018-04-25 00:00:00', 'api', '2018-04-25 09:00:00', 'api');
INSERT INTO `attendance` VALUES ('1919', '30', '2018-04-26 09:00:00', '2018-04-26 17:00:00', '8', '1', '2018-04-26 00:00:00', 'api', '2018-04-26 09:00:00', 'api');
INSERT INTO `attendance` VALUES ('1920', '30', '2018-04-27 09:00:00', '2018-04-27 16:00:00', '7', '1', '2018-04-27 00:00:00', 'api', '2018-04-27 09:00:00', 'api');
INSERT INTO `attendance` VALUES ('1921', '30', '2018-04-28 09:00:00', '2018-04-28 16:00:00', '7', '1', '2018-04-28 00:00:00', 'api', '2018-04-28 09:00:00', 'api');
INSERT INTO `attendance` VALUES ('1922', '30', '2018-04-29 08:00:00', '2018-04-29 16:00:00', '8', '0', '2018-04-29 00:00:00', 'api', '2018-04-29 08:00:00', 'api');
INSERT INTO `attendance` VALUES ('1923', '30', '2018-04-30 08:00:00', '2018-04-30 16:00:00', '8', '0', '2018-04-30 00:00:00', 'api', '2018-04-30 08:00:00', 'api');
INSERT INTO `attendance` VALUES ('1924', '31', '2018-04-01 08:00:00', '2018-04-01 17:00:00', '9', '0', '2018-04-01 00:00:00', 'api', '2018-04-01 08:00:00', 'api');
INSERT INTO `attendance` VALUES ('1925', '31', '2018-04-02 08:00:00', '2018-04-02 17:00:00', '9', '0', '2018-04-02 00:00:00', 'api', '2018-04-02 08:00:00', 'api');
INSERT INTO `attendance` VALUES ('1926', '31', '2018-04-03 09:00:00', '2018-04-03 17:00:00', '8', '1', '2018-04-03 00:00:00', 'api', '2018-04-03 09:00:00', 'api');
INSERT INTO `attendance` VALUES ('1927', '31', '2018-04-04 08:00:00', '2018-04-04 17:00:00', '9', '0', '2018-04-04 00:00:00', 'api', '2018-04-04 08:00:00', 'api');
INSERT INTO `attendance` VALUES ('1928', '31', '2018-04-05 08:00:00', '2018-04-05 17:00:00', '9', '0', '2018-04-05 00:00:00', 'api', '2018-04-05 08:00:00', 'api');
INSERT INTO `attendance` VALUES ('1929', '31', '2018-04-06 08:00:00', '2018-04-06 16:00:00', '8', '0', '2018-04-06 00:00:00', 'api', '2018-04-06 08:00:00', 'api');
INSERT INTO `attendance` VALUES ('1930', '31', '2018-04-07 08:00:00', '2018-04-07 16:00:00', '8', '0', '2018-04-07 00:00:00', 'api', '2018-04-07 08:00:00', 'api');
INSERT INTO `attendance` VALUES ('1931', '31', '2018-04-08 08:00:00', '2018-04-08 17:00:00', '9', '0', '2018-04-08 00:00:00', 'api', '2018-04-08 08:00:00', 'api');
INSERT INTO `attendance` VALUES ('1932', '31', '2018-04-09 08:00:00', '2018-04-09 16:00:00', '8', '0', '2018-04-09 00:00:00', 'api', '2018-04-09 08:00:00', 'api');
INSERT INTO `attendance` VALUES ('1933', '31', '2018-04-10 08:00:00', '2018-04-10 16:00:00', '8', '0', '2018-04-10 00:00:00', 'api', '2018-04-10 08:00:00', 'api');
INSERT INTO `attendance` VALUES ('1934', '31', '2018-04-11 08:00:00', '2018-04-11 17:00:00', '9', '0', '2018-04-11 00:00:00', 'api', '2018-04-11 08:00:00', 'api');
INSERT INTO `attendance` VALUES ('1935', '31', '2018-04-12 09:00:00', '2018-04-12 16:00:00', '7', '1', '2018-04-12 00:00:00', 'api', '2018-04-12 09:00:00', 'api');
INSERT INTO `attendance` VALUES ('1936', '31', '2018-04-13 08:00:00', '2018-04-13 16:00:00', '8', '0', '2018-04-13 00:00:00', 'api', '2018-04-13 08:00:00', 'api');
INSERT INTO `attendance` VALUES ('1937', '31', '2018-04-14 09:00:00', '2018-04-14 16:00:00', '7', '1', '2018-04-14 00:00:00', 'api', '2018-04-14 09:00:00', 'api');
INSERT INTO `attendance` VALUES ('1938', '31', '2018-04-15 08:00:00', '2018-04-15 16:00:00', '8', '0', '2018-04-15 00:00:00', 'api', '2018-04-15 08:00:00', 'api');
INSERT INTO `attendance` VALUES ('1939', '31', '2018-04-16 08:00:00', '2018-04-16 16:00:00', '8', '0', '2018-04-16 00:00:00', 'api', '2018-04-16 08:00:00', 'api');
INSERT INTO `attendance` VALUES ('1940', '31', '2018-04-17 08:00:00', '2018-04-17 17:00:00', '9', '0', '2018-04-17 00:00:00', 'api', '2018-04-17 08:00:00', 'api');
INSERT INTO `attendance` VALUES ('1941', '31', '2018-04-18 09:00:00', '2018-04-18 17:00:00', '8', '1', '2018-04-18 00:00:00', 'api', '2018-04-18 09:00:00', 'api');
INSERT INTO `attendance` VALUES ('1942', '31', '2018-04-19 08:00:00', '2018-04-19 16:00:00', '8', '0', '2018-04-19 00:00:00', 'api', '2018-04-19 08:00:00', 'api');
INSERT INTO `attendance` VALUES ('1943', '31', '2018-04-20 09:00:00', '2018-04-20 17:00:00', '8', '1', '2018-04-20 00:00:00', 'api', '2018-04-20 09:00:00', 'api');
INSERT INTO `attendance` VALUES ('1944', '31', '2018-04-21 08:00:00', '2018-04-21 17:00:00', '9', '0', '2018-04-21 00:00:00', 'api', '2018-04-21 08:00:00', 'api');
INSERT INTO `attendance` VALUES ('1945', '31', '2018-04-22 09:00:00', '2018-04-22 17:00:00', '8', '1', '2018-04-22 00:00:00', 'api', '2018-04-22 09:00:00', 'api');
INSERT INTO `attendance` VALUES ('1946', '31', '2018-04-23 09:00:00', '2018-04-23 17:00:00', '8', '1', '2018-04-23 00:00:00', 'api', '2018-04-23 09:00:00', 'api');
INSERT INTO `attendance` VALUES ('1947', '31', '2018-04-24 08:00:00', '2018-04-24 17:00:00', '9', '0', '2018-04-24 00:00:00', 'api', '2018-04-24 08:00:00', 'api');
INSERT INTO `attendance` VALUES ('1948', '31', '2018-04-25 09:00:00', '2018-04-25 17:00:00', '8', '1', '2018-04-25 00:00:00', 'api', '2018-04-25 09:00:00', 'api');
INSERT INTO `attendance` VALUES ('1949', '31', '2018-04-26 08:00:00', '2018-04-26 16:00:00', '8', '0', '2018-04-26 00:00:00', 'api', '2018-04-26 08:00:00', 'api');
INSERT INTO `attendance` VALUES ('1950', '31', '2018-04-27 08:00:00', '2018-04-27 17:00:00', '9', '0', '2018-04-27 00:00:00', 'api', '2018-04-27 08:00:00', 'api');
INSERT INTO `attendance` VALUES ('1951', '31', '2018-04-28 09:00:00', '2018-04-28 17:00:00', '8', '1', '2018-04-28 00:00:00', 'api', '2018-04-28 09:00:00', 'api');
INSERT INTO `attendance` VALUES ('1952', '31', '2018-04-29 09:00:00', '2018-04-29 17:00:00', '8', '1', '2018-04-29 00:00:00', 'api', '2018-04-29 09:00:00', 'api');
INSERT INTO `attendance` VALUES ('1953', '31', '2018-04-30 08:00:00', '2018-04-30 17:00:00', '9', '0', '2018-04-30 00:00:00', 'api', '2018-04-30 08:00:00', 'api');
INSERT INTO `attendance` VALUES ('1954', '32', '2018-04-01 08:00:00', '2018-04-01 17:00:00', '9', '0', '2018-04-01 00:00:00', 'api', '2018-04-01 08:00:00', 'api');
INSERT INTO `attendance` VALUES ('1955', '32', '2018-04-02 09:00:00', '2018-04-02 16:00:00', '7', '1', '2018-04-02 00:00:00', 'api', '2018-04-02 09:00:00', 'api');
INSERT INTO `attendance` VALUES ('1956', '32', '2018-04-03 08:00:00', '2018-04-03 16:00:00', '8', '0', '2018-04-03 00:00:00', 'api', '2018-04-03 08:00:00', 'api');
INSERT INTO `attendance` VALUES ('1957', '32', '2018-04-04 08:00:00', '2018-04-04 17:00:00', '9', '0', '2018-04-04 00:00:00', 'api', '2018-04-04 08:00:00', 'api');
INSERT INTO `attendance` VALUES ('1958', '32', '2018-04-05 08:00:00', '2018-04-05 16:00:00', '8', '0', '2018-04-05 00:00:00', 'api', '2018-04-05 08:00:00', 'api');
INSERT INTO `attendance` VALUES ('1959', '32', '2018-04-06 09:00:00', '2018-04-06 16:00:00', '7', '1', '2018-04-06 00:00:00', 'api', '2018-04-06 09:00:00', 'api');
INSERT INTO `attendance` VALUES ('1960', '32', '2018-04-07 08:00:00', '2018-04-07 17:00:00', '9', '0', '2018-04-07 00:00:00', 'api', '2018-04-07 08:00:00', 'api');
INSERT INTO `attendance` VALUES ('1961', '32', '2018-04-08 09:00:00', '2018-04-08 17:00:00', '8', '1', '2018-04-08 00:00:00', 'api', '2018-04-08 09:00:00', 'api');
INSERT INTO `attendance` VALUES ('1962', '32', '2018-04-09 08:00:00', '2018-04-09 16:00:00', '8', '0', '2018-04-09 00:00:00', 'api', '2018-04-09 08:00:00', 'api');
INSERT INTO `attendance` VALUES ('1963', '32', '2018-04-10 09:00:00', '2018-04-10 16:00:00', '7', '1', '2018-04-10 00:00:00', 'api', '2018-04-10 09:00:00', 'api');
INSERT INTO `attendance` VALUES ('1964', '32', '2018-04-11 09:00:00', '2018-04-11 16:00:00', '7', '1', '2018-04-11 00:00:00', 'api', '2018-04-11 09:00:00', 'api');
INSERT INTO `attendance` VALUES ('1965', '32', '2018-04-12 08:00:00', '2018-04-12 16:00:00', '8', '0', '2018-04-12 00:00:00', 'api', '2018-04-12 08:00:00', 'api');
INSERT INTO `attendance` VALUES ('1966', '32', '2018-04-13 08:00:00', '2018-04-13 17:00:00', '9', '0', '2018-04-13 00:00:00', 'api', '2018-04-13 08:00:00', 'api');
INSERT INTO `attendance` VALUES ('1967', '32', '2018-04-14 08:00:00', '2018-04-14 16:00:00', '8', '0', '2018-04-14 00:00:00', 'api', '2018-04-14 08:00:00', 'api');
INSERT INTO `attendance` VALUES ('1968', '32', '2018-04-15 08:00:00', '2018-04-15 16:00:00', '8', '0', '2018-04-15 00:00:00', 'api', '2018-04-15 08:00:00', 'api');
INSERT INTO `attendance` VALUES ('1969', '32', '2018-04-16 08:00:00', '2018-04-16 17:00:00', '9', '0', '2018-04-16 00:00:00', 'api', '2018-04-16 08:00:00', 'api');
INSERT INTO `attendance` VALUES ('1970', '32', '2018-04-17 08:00:00', '2018-04-17 17:00:00', '9', '0', '2018-04-17 00:00:00', 'api', '2018-04-17 08:00:00', 'api');
INSERT INTO `attendance` VALUES ('1971', '32', '2018-04-18 09:00:00', '2018-04-18 16:00:00', '7', '1', '2018-04-18 00:00:00', 'api', '2018-04-18 09:00:00', 'api');
INSERT INTO `attendance` VALUES ('1972', '32', '2018-04-19 08:00:00', '2018-04-19 17:00:00', '9', '0', '2018-04-19 00:00:00', 'api', '2018-04-19 08:00:00', 'api');
INSERT INTO `attendance` VALUES ('1973', '32', '2018-04-20 09:00:00', '2018-04-20 16:00:00', '7', '1', '2018-04-20 00:00:00', 'api', '2018-04-20 09:00:00', 'api');
INSERT INTO `attendance` VALUES ('1974', '32', '2018-04-21 08:00:00', '2018-04-21 17:00:00', '9', '0', '2018-04-21 00:00:00', 'api', '2018-04-21 08:00:00', 'api');
INSERT INTO `attendance` VALUES ('1975', '32', '2018-04-22 08:00:00', '2018-04-22 16:00:00', '8', '0', '2018-04-22 00:00:00', 'api', '2018-04-22 08:00:00', 'api');
INSERT INTO `attendance` VALUES ('1976', '32', '2018-04-23 08:00:00', '2018-04-23 17:00:00', '9', '0', '2018-04-23 00:00:00', 'api', '2018-04-23 08:00:00', 'api');
INSERT INTO `attendance` VALUES ('1977', '32', '2018-04-24 08:00:00', '2018-04-24 16:00:00', '8', '0', '2018-04-24 00:00:00', 'api', '2018-04-24 08:00:00', 'api');
INSERT INTO `attendance` VALUES ('1978', '32', '2018-04-25 09:00:00', '2018-04-25 16:00:00', '7', '1', '2018-04-25 00:00:00', 'api', '2018-04-25 09:00:00', 'api');
INSERT INTO `attendance` VALUES ('1979', '32', '2018-04-26 08:00:00', '2018-04-26 17:00:00', '9', '0', '2018-04-26 00:00:00', 'api', '2018-04-26 08:00:00', 'api');
INSERT INTO `attendance` VALUES ('1980', '32', '2018-04-27 08:00:00', '2018-04-27 17:00:00', '9', '0', '2018-04-27 00:00:00', 'api', '2018-04-27 08:00:00', 'api');
INSERT INTO `attendance` VALUES ('1981', '32', '2018-04-28 09:00:00', '2018-04-28 17:00:00', '8', '1', '2018-04-28 00:00:00', 'api', '2018-04-28 09:00:00', 'api');
INSERT INTO `attendance` VALUES ('1982', '32', '2018-04-29 08:00:00', '2018-04-29 16:00:00', '8', '0', '2018-04-29 00:00:00', 'api', '2018-04-29 08:00:00', 'api');
INSERT INTO `attendance` VALUES ('1983', '32', '2018-04-30 08:00:00', '2018-04-30 17:00:00', '9', '0', '2018-04-30 00:00:00', 'api', '2018-04-30 08:00:00', 'api');
INSERT INTO `attendance` VALUES ('1984', '33', '2018-04-01 08:00:00', '2018-04-01 17:00:00', '9', '0', '2018-04-01 00:00:00', 'api', '2018-04-01 08:00:00', 'api');
INSERT INTO `attendance` VALUES ('1985', '33', '2018-04-02 09:00:00', '2018-04-02 17:00:00', '8', '1', '2018-04-02 00:00:00', 'api', '2018-04-02 09:00:00', 'api');
INSERT INTO `attendance` VALUES ('1986', '33', '2018-04-03 08:00:00', '2018-04-03 17:00:00', '9', '0', '2018-04-03 00:00:00', 'api', '2018-04-03 08:00:00', 'api');
INSERT INTO `attendance` VALUES ('1987', '33', '2018-04-04 09:00:00', '2018-04-04 16:00:00', '7', '1', '2018-04-04 00:00:00', 'api', '2018-04-04 09:00:00', 'api');
INSERT INTO `attendance` VALUES ('1988', '33', '2018-04-05 09:00:00', '2018-04-05 16:00:00', '7', '1', '2018-04-05 00:00:00', 'api', '2018-04-05 09:00:00', 'api');
INSERT INTO `attendance` VALUES ('1989', '33', '2018-04-06 08:00:00', '2018-04-06 16:00:00', '8', '0', '2018-04-06 00:00:00', 'api', '2018-04-06 08:00:00', 'api');
INSERT INTO `attendance` VALUES ('1990', '33', '2018-04-07 08:00:00', '2018-04-07 16:00:00', '8', '0', '2018-04-07 00:00:00', 'api', '2018-04-07 08:00:00', 'api');
INSERT INTO `attendance` VALUES ('1991', '33', '2018-04-08 08:00:00', '2018-04-08 16:00:00', '8', '0', '2018-04-08 00:00:00', 'api', '2018-04-08 08:00:00', 'api');
INSERT INTO `attendance` VALUES ('1992', '33', '2018-04-09 08:00:00', '2018-04-09 16:00:00', '8', '0', '2018-04-09 00:00:00', 'api', '2018-04-09 08:00:00', 'api');
INSERT INTO `attendance` VALUES ('1993', '33', '2018-04-10 09:00:00', '2018-04-10 17:00:00', '8', '1', '2018-04-10 00:00:00', 'api', '2018-04-10 09:00:00', 'api');
INSERT INTO `attendance` VALUES ('1994', '33', '2018-04-11 09:00:00', '2018-04-11 17:00:00', '8', '1', '2018-04-11 00:00:00', 'api', '2018-04-11 09:00:00', 'api');
INSERT INTO `attendance` VALUES ('1995', '33', '2018-04-12 09:00:00', '2018-04-12 16:00:00', '7', '1', '2018-04-12 00:00:00', 'api', '2018-04-12 09:00:00', 'api');
INSERT INTO `attendance` VALUES ('1996', '33', '2018-04-13 09:00:00', '2018-04-13 17:00:00', '8', '1', '2018-04-13 00:00:00', 'api', '2018-04-13 09:00:00', 'api');
INSERT INTO `attendance` VALUES ('1997', '33', '2018-04-14 08:00:00', '2018-04-14 16:00:00', '8', '0', '2018-04-14 00:00:00', 'api', '2018-04-14 08:00:00', 'api');
INSERT INTO `attendance` VALUES ('1998', '33', '2018-04-15 09:00:00', '2018-04-15 16:00:00', '7', '1', '2018-04-15 00:00:00', 'api', '2018-04-15 09:00:00', 'api');
INSERT INTO `attendance` VALUES ('1999', '33', '2018-04-16 08:00:00', '2018-04-16 17:00:00', '9', '0', '2018-04-16 00:00:00', 'api', '2018-04-16 08:00:00', 'api');
INSERT INTO `attendance` VALUES ('2000', '33', '2018-04-17 09:00:00', '2018-04-17 16:00:00', '7', '1', '2018-04-17 00:00:00', 'api', '2018-04-17 09:00:00', 'api');
INSERT INTO `attendance` VALUES ('2001', '33', '2018-04-18 08:00:00', '2018-04-18 16:00:00', '8', '0', '2018-04-18 00:00:00', 'api', '2018-04-18 08:00:00', 'api');
INSERT INTO `attendance` VALUES ('2002', '33', '2018-04-19 09:00:00', '2018-04-19 17:00:00', '8', '1', '2018-04-19 00:00:00', 'api', '2018-04-19 09:00:00', 'api');
INSERT INTO `attendance` VALUES ('2003', '33', '2018-04-20 08:00:00', '2018-04-20 16:00:00', '8', '0', '2018-04-20 00:00:00', 'api', '2018-04-20 08:00:00', 'api');
INSERT INTO `attendance` VALUES ('2004', '33', '2018-04-21 08:00:00', '2018-04-21 17:00:00', '9', '0', '2018-04-21 00:00:00', 'api', '2018-04-21 08:00:00', 'api');
INSERT INTO `attendance` VALUES ('2005', '33', '2018-04-22 09:00:00', '2018-04-22 16:00:00', '7', '1', '2018-04-22 00:00:00', 'api', '2018-04-22 09:00:00', 'api');
INSERT INTO `attendance` VALUES ('2006', '33', '2018-04-23 08:00:00', '2018-04-23 16:00:00', '8', '0', '2018-04-23 00:00:00', 'api', '2018-04-23 08:00:00', 'api');
INSERT INTO `attendance` VALUES ('2007', '33', '2018-04-24 09:00:00', '2018-04-24 16:00:00', '7', '1', '2018-04-24 00:00:00', 'api', '2018-04-24 09:00:00', 'api');
INSERT INTO `attendance` VALUES ('2008', '33', '2018-04-25 09:00:00', '2018-04-25 17:00:00', '8', '1', '2018-04-25 00:00:00', 'api', '2018-04-25 09:00:00', 'api');
INSERT INTO `attendance` VALUES ('2009', '33', '2018-04-26 09:00:00', '2018-04-26 17:00:00', '8', '1', '2018-04-26 00:00:00', 'api', '2018-04-26 09:00:00', 'api');
INSERT INTO `attendance` VALUES ('2010', '33', '2018-04-27 08:00:00', '2018-04-27 16:00:00', '8', '0', '2018-04-27 00:00:00', 'api', '2018-04-27 08:00:00', 'api');
INSERT INTO `attendance` VALUES ('2011', '33', '2018-04-28 09:00:00', '2018-04-28 16:00:00', '7', '1', '2018-04-28 00:00:00', 'api', '2018-04-28 09:00:00', 'api');
INSERT INTO `attendance` VALUES ('2012', '33', '2018-04-29 08:00:00', '2018-04-29 17:00:00', '9', '0', '2018-04-29 00:00:00', 'api', '2018-04-29 08:00:00', 'api');
INSERT INTO `attendance` VALUES ('2013', '33', '2018-04-30 08:00:00', '2018-04-30 16:00:00', '8', '0', '2018-04-30 00:00:00', 'api', '2018-04-30 08:00:00', 'api');
INSERT INTO `attendance` VALUES ('2014', '34', '2018-04-01 08:00:00', '2018-04-01 16:00:00', '8', '0', '2018-04-01 00:00:00', 'api', '2018-04-01 08:00:00', 'api');
INSERT INTO `attendance` VALUES ('2015', '34', '2018-04-02 08:00:00', '2018-04-02 16:00:00', '8', '0', '2018-04-02 00:00:00', 'api', '2018-04-02 08:00:00', 'api');
INSERT INTO `attendance` VALUES ('2016', '34', '2018-04-03 08:00:00', '2018-04-03 17:00:00', '9', '0', '2018-04-03 00:00:00', 'api', '2018-04-03 08:00:00', 'api');
INSERT INTO `attendance` VALUES ('2017', '34', '2018-04-04 08:00:00', '2018-04-04 17:00:00', '9', '0', '2018-04-04 00:00:00', 'api', '2018-04-04 08:00:00', 'api');
INSERT INTO `attendance` VALUES ('2018', '34', '2018-04-05 08:00:00', '2018-04-05 17:00:00', '9', '0', '2018-04-05 00:00:00', 'api', '2018-04-05 08:00:00', 'api');
INSERT INTO `attendance` VALUES ('2019', '34', '2018-04-06 08:00:00', '2018-04-06 17:00:00', '9', '0', '2018-04-06 00:00:00', 'api', '2018-04-06 08:00:00', 'api');
INSERT INTO `attendance` VALUES ('2020', '34', '2018-04-07 09:00:00', '2018-04-07 16:00:00', '7', '1', '2018-04-07 00:00:00', 'api', '2018-04-07 09:00:00', 'api');
INSERT INTO `attendance` VALUES ('2021', '34', '2018-04-08 08:00:00', '2018-04-08 16:00:00', '8', '0', '2018-04-08 00:00:00', 'api', '2018-04-08 08:00:00', 'api');
INSERT INTO `attendance` VALUES ('2022', '34', '2018-04-09 09:00:00', '2018-04-09 17:00:00', '8', '1', '2018-04-09 00:00:00', 'api', '2018-04-09 09:00:00', 'api');
INSERT INTO `attendance` VALUES ('2023', '34', '2018-04-10 08:00:00', '2018-04-10 16:00:00', '8', '0', '2018-04-10 00:00:00', 'api', '2018-04-10 08:00:00', 'api');
INSERT INTO `attendance` VALUES ('2024', '34', '2018-04-11 09:00:00', '2018-04-11 17:00:00', '8', '1', '2018-04-11 00:00:00', 'api', '2018-04-11 09:00:00', 'api');
INSERT INTO `attendance` VALUES ('2025', '34', '2018-04-12 09:00:00', '2018-04-12 17:00:00', '8', '1', '2018-04-12 00:00:00', 'api', '2018-04-12 09:00:00', 'api');
INSERT INTO `attendance` VALUES ('2026', '34', '2018-04-13 09:00:00', '2018-04-13 16:00:00', '7', '1', '2018-04-13 00:00:00', 'api', '2018-04-13 09:00:00', 'api');
INSERT INTO `attendance` VALUES ('2027', '34', '2018-04-14 08:00:00', '2018-04-14 17:00:00', '9', '0', '2018-04-14 00:00:00', 'api', '2018-04-14 08:00:00', 'api');
INSERT INTO `attendance` VALUES ('2028', '34', '2018-04-15 09:00:00', '2018-04-15 16:00:00', '7', '1', '2018-04-15 00:00:00', 'api', '2018-04-15 09:00:00', 'api');
INSERT INTO `attendance` VALUES ('2029', '34', '2018-04-16 08:00:00', '2018-04-16 16:00:00', '8', '0', '2018-04-16 00:00:00', 'api', '2018-04-16 08:00:00', 'api');
INSERT INTO `attendance` VALUES ('2030', '34', '2018-04-17 09:00:00', '2018-04-17 16:00:00', '7', '1', '2018-04-17 00:00:00', 'api', '2018-04-17 09:00:00', 'api');
INSERT INTO `attendance` VALUES ('2031', '34', '2018-04-18 09:00:00', '2018-04-18 17:00:00', '8', '1', '2018-04-18 00:00:00', 'api', '2018-04-18 09:00:00', 'api');
INSERT INTO `attendance` VALUES ('2032', '34', '2018-04-19 09:00:00', '2018-04-19 16:00:00', '7', '1', '2018-04-19 00:00:00', 'api', '2018-04-19 09:00:00', 'api');
INSERT INTO `attendance` VALUES ('2033', '34', '2018-04-20 09:00:00', '2018-04-20 16:00:00', '7', '1', '2018-04-20 00:00:00', 'api', '2018-04-20 09:00:00', 'api');
INSERT INTO `attendance` VALUES ('2034', '34', '2018-04-21 08:00:00', '2018-04-21 17:00:00', '9', '0', '2018-04-21 00:00:00', 'api', '2018-04-21 08:00:00', 'api');
INSERT INTO `attendance` VALUES ('2035', '34', '2018-04-22 09:00:00', '2018-04-22 16:00:00', '7', '1', '2018-04-22 00:00:00', 'api', '2018-04-22 09:00:00', 'api');
INSERT INTO `attendance` VALUES ('2036', '34', '2018-04-23 08:00:00', '2018-04-23 17:00:00', '9', '0', '2018-04-23 00:00:00', 'api', '2018-04-23 08:00:00', 'api');
INSERT INTO `attendance` VALUES ('2037', '34', '2018-04-24 09:00:00', '2018-04-24 17:00:00', '8', '1', '2018-04-24 00:00:00', 'api', '2018-04-24 09:00:00', 'api');
INSERT INTO `attendance` VALUES ('2038', '34', '2018-04-25 08:00:00', '2018-04-25 17:00:00', '9', '0', '2018-04-25 00:00:00', 'api', '2018-04-25 08:00:00', 'api');
INSERT INTO `attendance` VALUES ('2039', '34', '2018-04-26 08:00:00', '2018-04-26 17:00:00', '9', '0', '2018-04-26 00:00:00', 'api', '2018-04-26 08:00:00', 'api');
INSERT INTO `attendance` VALUES ('2040', '34', '2018-04-27 09:00:00', '2018-04-27 16:00:00', '7', '1', '2018-04-27 00:00:00', 'api', '2018-04-27 09:00:00', 'api');
INSERT INTO `attendance` VALUES ('2041', '34', '2018-04-28 09:00:00', '2018-04-28 16:00:00', '7', '1', '2018-04-28 00:00:00', 'api', '2018-04-28 09:00:00', 'api');
INSERT INTO `attendance` VALUES ('2042', '34', '2018-04-29 09:00:00', '2018-04-29 17:00:00', '8', '1', '2018-04-29 00:00:00', 'api', '2018-04-29 09:00:00', 'api');
INSERT INTO `attendance` VALUES ('2043', '34', '2018-04-30 09:00:00', '2018-04-30 17:00:00', '8', '1', '2018-04-30 00:00:00', 'api', '2018-04-30 09:00:00', 'api');
INSERT INTO `attendance` VALUES ('2044', '25', null, null, null, null, '2018-05-05 00:00:00', 'api', '2018-05-05 13:55:52', 'api');
INSERT INTO `attendance` VALUES ('2045', '24', null, null, null, null, '2018-05-05 00:00:00', 'api', '2018-05-05 13:55:52', 'api');
INSERT INTO `attendance` VALUES ('2046', '15', null, null, null, null, '2018-05-05 00:00:00', 'api', '2018-05-05 13:55:52', 'api');
INSERT INTO `attendance` VALUES ('2047', '14', null, null, null, null, '2018-05-05 00:00:00', 'api', '2018-05-05 13:55:52', 'api');
INSERT INTO `attendance` VALUES ('2048', '8', null, null, null, null, '2018-05-05 00:00:00', 'api', '2018-05-05 13:55:52', 'api');
INSERT INTO `attendance` VALUES ('2049', '6', null, null, null, null, '2018-05-05 00:00:00', 'api', '2018-05-05 13:55:52', 'api');
INSERT INTO `attendance` VALUES ('2050', '2', null, null, null, null, '2018-05-05 00:00:00', 'api', '2018-05-05 13:55:52', 'api');
INSERT INTO `attendance` VALUES ('2051', '1', '2018-05-05 13:58:20', '2018-05-05 14:03:25', '0', '1', '2018-05-05 00:00:00', 'api', '2018-05-05 13:55:52', 'api');
INSERT INTO `attendance` VALUES ('2052', '3', null, null, null, null, '2018-05-05 00:00:00', 'api', '2018-05-05 13:55:52', 'api');
INSERT INTO `attendance` VALUES ('2053', '17', null, null, null, null, '2018-05-05 00:00:00', 'api', '2018-05-05 13:55:52', 'api');
INSERT INTO `attendance` VALUES ('2054', '21', null, null, null, null, '2018-05-05 00:00:00', 'api', '2018-05-05 13:55:52', 'api');
INSERT INTO `attendance` VALUES ('2055', '27', null, null, null, null, '2018-05-05 00:00:00', 'api', '2018-05-05 13:55:52', 'api');
INSERT INTO `attendance` VALUES ('2056', '31', null, null, null, null, '2018-05-05 00:00:00', 'api', '2018-05-05 13:55:52', 'api');
INSERT INTO `attendance` VALUES ('2057', '10', null, null, null, null, '2018-05-05 00:00:00', 'api', '2018-05-05 13:55:52', 'api');
INSERT INTO `attendance` VALUES ('2058', '33', null, null, null, null, '2018-05-05 00:00:00', 'api', '2018-05-05 13:55:52', 'api');
INSERT INTO `attendance` VALUES ('2059', '9', null, null, null, null, '2018-05-05 00:00:00', 'api', '2018-05-05 13:55:52', 'api');
INSERT INTO `attendance` VALUES ('2060', '11', null, null, null, null, '2018-05-05 00:00:00', 'api', '2018-05-05 13:55:52', 'api');
INSERT INTO `attendance` VALUES ('2061', '12', null, null, null, null, '2018-05-05 00:00:00', 'api', '2018-05-05 13:55:52', 'api');
INSERT INTO `attendance` VALUES ('2062', '13', null, null, null, null, '2018-05-05 00:00:00', 'api', '2018-05-05 13:55:52', 'api');
INSERT INTO `attendance` VALUES ('2063', '16', null, null, null, null, '2018-05-05 00:00:00', 'api', '2018-05-05 13:55:52', 'api');
INSERT INTO `attendance` VALUES ('2064', '20', null, null, null, null, '2018-05-05 00:00:00', 'api', '2018-05-05 13:55:52', 'api');
INSERT INTO `attendance` VALUES ('2065', '23', null, null, null, null, '2018-05-05 00:00:00', 'api', '2018-05-05 13:55:52', 'api');
INSERT INTO `attendance` VALUES ('2066', '19', null, null, null, null, '2018-05-05 00:00:00', 'api', '2018-05-05 13:55:52', 'api');
INSERT INTO `attendance` VALUES ('2067', '26', null, null, null, null, '2018-05-05 00:00:00', 'api', '2018-05-05 13:55:52', 'api');
INSERT INTO `attendance` VALUES ('2068', '25', null, null, null, null, '2018-05-06 00:00:00', 'api', '2018-05-06 00:01:55', 'api');
INSERT INTO `attendance` VALUES ('2069', '24', null, null, null, null, '2018-05-06 00:00:00', 'api', '2018-05-06 00:01:55', 'api');
INSERT INTO `attendance` VALUES ('2070', '15', null, null, null, null, '2018-05-06 00:00:00', 'api', '2018-05-06 00:01:55', 'api');
INSERT INTO `attendance` VALUES ('2071', '14', null, null, null, null, '2018-05-06 00:00:00', 'api', '2018-05-06 00:01:55', 'api');
INSERT INTO `attendance` VALUES ('2072', '8', null, null, null, null, '2018-05-06 00:00:00', 'api', '2018-05-06 00:01:55', 'api');
INSERT INTO `attendance` VALUES ('2073', '6', null, null, null, null, '2018-05-06 00:00:00', 'api', '2018-05-06 00:01:55', 'api');
INSERT INTO `attendance` VALUES ('2074', '2', null, null, null, null, '2018-05-06 00:00:00', 'api', '2018-05-06 00:01:55', 'api');
INSERT INTO `attendance` VALUES ('2075', '1', null, null, null, null, '2018-05-06 00:00:00', 'api', '2018-05-06 00:01:55', 'api');
INSERT INTO `attendance` VALUES ('2076', '3', null, null, null, null, '2018-05-06 00:00:00', 'api', '2018-05-06 00:01:55', 'api');
INSERT INTO `attendance` VALUES ('2077', '17', null, null, null, null, '2018-05-06 00:00:00', 'api', '2018-05-06 00:01:55', 'api');
INSERT INTO `attendance` VALUES ('2078', '21', null, null, null, null, '2018-05-06 00:00:00', 'api', '2018-05-06 00:01:55', 'api');
INSERT INTO `attendance` VALUES ('2079', '27', null, null, null, null, '2018-05-06 00:00:00', 'api', '2018-05-06 00:01:55', 'api');
INSERT INTO `attendance` VALUES ('2080', '31', null, null, null, null, '2018-05-06 00:00:00', 'api', '2018-05-06 00:01:55', 'api');
INSERT INTO `attendance` VALUES ('2081', '10', null, null, null, null, '2018-05-06 00:00:00', 'api', '2018-05-06 00:01:55', 'api');
INSERT INTO `attendance` VALUES ('2082', '33', null, null, null, null, '2018-05-06 00:00:00', 'api', '2018-05-06 00:01:55', 'api');
INSERT INTO `attendance` VALUES ('2083', '9', null, null, null, null, '2018-05-06 00:00:00', 'api', '2018-05-06 00:01:55', 'api');
INSERT INTO `attendance` VALUES ('2084', '11', null, null, null, null, '2018-05-06 00:00:00', 'api', '2018-05-06 00:01:55', 'api');
INSERT INTO `attendance` VALUES ('2085', '12', null, null, null, null, '2018-05-06 00:00:00', 'api', '2018-05-06 00:01:55', 'api');
INSERT INTO `attendance` VALUES ('2086', '13', null, null, null, null, '2018-05-06 00:00:00', 'api', '2018-05-06 00:01:55', 'api');
INSERT INTO `attendance` VALUES ('2087', '16', null, null, null, null, '2018-05-06 00:00:00', 'api', '2018-05-06 00:01:55', 'api');
INSERT INTO `attendance` VALUES ('2088', '20', null, null, null, null, '2018-05-06 00:00:00', 'api', '2018-05-06 00:01:55', 'api');
INSERT INTO `attendance` VALUES ('2089', '23', null, null, null, null, '2018-05-06 00:00:00', 'api', '2018-05-06 00:01:55', 'api');
INSERT INTO `attendance` VALUES ('2090', '19', null, null, null, null, '2018-05-06 00:00:00', 'api', '2018-05-06 00:01:55', 'api');
INSERT INTO `attendance` VALUES ('2091', '26', null, null, null, null, '2018-05-06 00:00:00', 'api', '2018-05-06 00:01:55', 'api');
INSERT INTO `attendance` VALUES ('2092', '1', '2018-04-01 09:00:00', '2018-04-01 16:00:00', null, null, '2018-04-01 00:00:00', 'api', '2018-04-01 09:00:00', 'api');
INSERT INTO `attendance` VALUES ('2093', '1', '2018-04-02 08:00:00', '2018-04-02 17:00:00', null, null, '2018-04-02 00:00:00', 'api', '2018-04-02 08:00:00', 'api');
INSERT INTO `attendance` VALUES ('2094', '1', '2018-04-03 08:00:00', '2018-04-03 17:00:00', null, null, '2018-04-03 00:00:00', 'api', '2018-04-03 08:00:00', 'api');
INSERT INTO `attendance` VALUES ('2095', '1', '2018-04-04 09:00:00', '2018-04-04 17:00:00', null, null, '2018-04-04 00:00:00', 'api', '2018-04-04 09:00:00', 'api');
INSERT INTO `attendance` VALUES ('2096', '1', '2018-04-05 08:00:00', '2018-04-05 17:00:00', null, null, '2018-04-05 00:00:00', 'api', '2018-04-05 08:00:00', 'api');
INSERT INTO `attendance` VALUES ('2097', '1', '2018-04-06 08:00:00', '2018-04-06 16:00:00', null, null, '2018-04-06 00:00:00', 'api', '2018-04-06 08:00:00', 'api');
INSERT INTO `attendance` VALUES ('2098', '1', '2018-04-07 09:00:00', '2018-04-07 16:00:00', null, null, '2018-04-07 00:00:00', 'api', '2018-04-07 09:00:00', 'api');
INSERT INTO `attendance` VALUES ('2099', '1', '2018-04-08 08:00:00', '2018-04-08 17:00:00', null, null, '2018-04-08 00:00:00', 'api', '2018-04-08 08:00:00', 'api');
INSERT INTO `attendance` VALUES ('2100', '1', '2018-04-09 08:00:00', '2018-04-09 17:00:00', null, null, '2018-04-09 00:00:00', 'api', '2018-04-09 08:00:00', 'api');
INSERT INTO `attendance` VALUES ('2101', '1', '2018-04-10 09:00:00', '2018-04-10 17:00:00', null, null, '2018-04-10 00:00:00', 'api', '2018-04-10 09:00:00', 'api');
INSERT INTO `attendance` VALUES ('2102', '1', null, null, null, null, '2018-05-12 00:00:00', 'api', '2018-05-12 10:50:15', 'api');
INSERT INTO `attendance` VALUES ('2103', '25', null, null, null, null, '2018-05-12 00:00:00', 'api', '2018-05-12 10:50:15', 'api');
INSERT INTO `attendance` VALUES ('2104', '24', null, null, null, null, '2018-05-12 00:00:00', 'api', '2018-05-12 10:50:15', 'api');
INSERT INTO `attendance` VALUES ('2105', '21', null, null, null, null, '2018-05-12 00:00:00', 'api', '2018-05-12 10:50:15', 'api');
INSERT INTO `attendance` VALUES ('2106', '8', null, null, null, null, '2018-05-12 00:00:00', 'api', '2018-05-12 10:50:15', 'api');
INSERT INTO `attendance` VALUES ('2107', '19', null, null, null, null, '2018-05-12 00:00:00', 'api', '2018-05-12 10:50:15', 'api');
INSERT INTO `attendance` VALUES ('2108', '10', null, null, null, null, '2018-05-12 00:00:00', 'api', '2018-05-12 10:50:15', 'api');
INSERT INTO `attendance` VALUES ('2109', '27', null, null, null, null, '2018-05-12 00:00:00', 'api', '2018-05-12 10:50:15', 'api');
INSERT INTO `attendance` VALUES ('2110', '31', null, null, null, null, '2018-05-12 00:00:00', 'api', '2018-05-12 10:50:15', 'api');
INSERT INTO `attendance` VALUES ('2111', '33', null, null, null, null, '2018-05-12 00:00:00', 'api', '2018-05-12 10:50:15', 'api');
INSERT INTO `attendance` VALUES ('2112', '9', null, null, null, null, '2018-05-12 00:00:00', 'api', '2018-05-12 10:50:15', 'api');
INSERT INTO `attendance` VALUES ('2113', '17', null, null, null, null, '2018-05-12 00:00:00', 'api', '2018-05-12 10:50:15', 'api');
INSERT INTO `attendance` VALUES ('2114', '20', null, null, null, null, '2018-05-12 00:00:00', 'api', '2018-05-12 10:50:15', 'api');
INSERT INTO `attendance` VALUES ('2115', '16', null, null, null, null, '2018-05-12 00:00:00', 'api', '2018-05-12 10:50:15', 'api');
INSERT INTO `attendance` VALUES ('2116', '23', null, null, null, null, '2018-05-12 00:00:00', 'api', '2018-05-12 10:50:15', 'api');
INSERT INTO `attendance` VALUES ('2117', '14', null, null, null, null, '2018-05-12 00:00:00', 'api', '2018-05-12 10:50:15', 'api');
INSERT INTO `attendance` VALUES ('2118', '15', null, null, null, null, '2018-05-12 00:00:00', 'api', '2018-05-12 10:50:15', 'api');
INSERT INTO `attendance` VALUES ('2119', '26', null, null, null, null, '2018-05-12 00:00:00', 'api', '2018-05-12 10:50:15', 'api');
INSERT INTO `attendance` VALUES ('2120', '11', null, null, null, null, '2018-05-12 00:00:00', 'api', '2018-05-12 10:50:15', 'api');
INSERT INTO `attendance` VALUES ('2121', '13', null, null, null, null, '2018-05-12 00:00:00', 'api', '2018-05-12 10:50:15', 'api');
INSERT INTO `attendance` VALUES ('2122', '6', null, null, null, null, '2018-05-12 00:00:00', 'api', '2018-05-12 10:50:15', 'api');
INSERT INTO `attendance` VALUES ('2123', '12', null, null, null, null, '2018-05-12 00:00:00', 'api', '2018-05-12 10:50:15', 'api');
INSERT INTO `attendance` VALUES ('2124', '3', null, null, null, null, '2018-05-12 00:00:00', 'api', '2018-05-12 10:50:15', 'api');

-- ----------------------------
-- Table structure for attendance_key
-- ----------------------------
DROP TABLE IF EXISTS `attendance_key`;
CREATE TABLE `attendance_key` (
  `id` int(11) NOT NULL AUTO_INCREMENT,
  `key` varchar(50) DEFAULT NULL,
  PRIMARY KEY (`id`) USING BTREE
) ENGINE=InnoDB AUTO_INCREMENT=2 DEFAULT CHARSET=utf8 ROW_FORMAT=DYNAMIC;

-- ----------------------------
-- Records of attendance_key
-- ----------------------------
INSERT INTO `attendance_key` VALUES ('1', 'e10adc3949ba59abbe56e057f20f883e');

-- ----------------------------
-- Table structure for attendance_time
-- ----------------------------
DROP TABLE IF EXISTS `attendance_time`;
CREATE TABLE `attendance_time` (
  `id` int(11) NOT NULL AUTO_INCREMENT,
  `start_time` time DEFAULT NULL,
  `end_time` time DEFAULT NULL,
  `hour` int(11) DEFAULT NULL,
  `department_id` bigint(20) DEFAULT NULL,
  PRIMARY KEY (`id`) USING BTREE
) ENGINE=InnoDB AUTO_INCREMENT=14 DEFAULT CHARSET=utf8 ROW_FORMAT=DYNAMIC;

-- ----------------------------
-- Records of attendance_time
-- ----------------------------
INSERT INTO `attendance_time` VALUES ('1', '08:00:00', '17:00:00', '9', '12');
INSERT INTO `attendance_time` VALUES ('2', '08:00:00', '17:00:00', '9', '9');
INSERT INTO `attendance_time` VALUES ('3', '08:00:00', '17:00:00', '9', '11');
INSERT INTO `attendance_time` VALUES ('5', '08:30:00', '17:00:00', '9', '13');
INSERT INTO `attendance_time` VALUES ('6', '08:00:00', '17:00:00', '9', '16');
INSERT INTO `attendance_time` VALUES ('7', '08:00:00', '17:00:00', '9', '19');
INSERT INTO `attendance_time` VALUES ('8', '08:00:00', '17:00:00', '9', '20');
INSERT INTO `attendance_time` VALUES ('9', '07:30:00', '17:00:00', '9', '23');
INSERT INTO `attendance_time` VALUES ('10', '08:00:00', '17:00:00', '9', '24');
INSERT INTO `attendance_time` VALUES ('11', '08:00:00', '17:00:00', '9', '25');
INSERT INTO `attendance_time` VALUES ('12', '08:00:00', '17:00:00', '9', '26');
INSERT INTO `attendance_time` VALUES ('13', '08:00:00', '17:00:00', '9', '28');

-- ----------------------------
-- Table structure for department
-- ----------------------------
DROP TABLE IF EXISTS `department`;
CREATE TABLE `department` (
  `department_id` bigint(11) NOT NULL AUTO_INCREMENT COMMENT '部门ID',
  `name` varchar(30) DEFAULT NULL COMMENT '部门名称',
  `master` bigint(20) DEFAULT NULL COMMENT '部门经理ID',
  `introduce` varchar(1000) DEFAULT NULL COMMENT '部门简介',
  `create_time` datetime DEFAULT NULL,
  `create_user` varchar(30) DEFAULT NULL,
  `update_time` datetime DEFAULT NULL,
  `update_user` varchar(30) DEFAULT NULL,
  PRIMARY KEY (`department_id`) USING BTREE
) ENGINE=InnoDB AUTO_INCREMENT=27 DEFAULT CHARSET=utf8 ROW_FORMAT=DYNAMIC COMMENT='部门表';

-- ----------------------------
-- Records of department
-- ----------------------------
INSERT INTO `department` VALUES ('9', '市场部', '9', '市场部是一个企业中营销组织架构的重要组成部分，通常包含产品市场部、市场开发部、市场宣传部和销售支持部，在企业中具有巨大的作用。', '2018-04-04 23:45:30', '1001', '2018-04-04 23:45:34', '1001');
INSERT INTO `department` VALUES ('11', '客服部', '11', '主要体现了一种以客户为导向的价值观，它整合及管理在预先设定的最优成本——服务组合中的客户界面的所有要素。广义而言，任何能提高客户满意度的内容都属于客户服务的范围。', '2018-04-04 23:47:38', '1001', '2018-04-04 23:47:42', '1001');
INSERT INTO `department` VALUES ('12', '生产部', '12', '负责对各种设备事故、工伤、伤亡事故、急性中毒事故以及环境污染事故的调查处理，并制订改进措施计划', '2018-04-04 23:49:01', '1001', '2018-05-11 23:46:29', '胡宇');
INSERT INTO `department` VALUES ('13', '采购部', '13', '公司中生产中负责生产物资采购的部门。', '2018-04-04 23:49:48', '1001', '2018-04-04 23:49:53', '1001');
INSERT INTO `department` VALUES ('16', '车间生产', '16', '五金制品，出现在经济生活、政治生活以及军事活动的各个角落。五金类产品种类繁多，规格各异，但是五金类产品在现代生活中又起着不可替代的作用，选择好的五金配件可以使很多结构件使用起来更安全、便捷。', '2018-04-04 23:53:08', '1001', '2018-04-04 23:53:12', '1001');
INSERT INTO `department` VALUES ('19', '物流中心', '19', '物流中心是物流系统中的基础设施。它的规划、筹建、运行与完善，涉及交通、物资、商业、外贸、工业、建筑、农业、金融等多个部门、多个行业的企业。不同部门及企业对其内涵及外延的理解不尽一致。', '2018-04-04 23:57:55', '1001', '2018-04-04 23:57:59', '1001');
INSERT INTO `department` VALUES ('20', '仓库', '20', '存储成品与物料', '2018-04-04 23:58:38', '1001', '2018-04-04 23:58:53', '1001');
INSERT INTO `department` VALUES ('23', '人事部', '23', '人事部是一个企业或者团体的人力资源和企业公共事务的管理部门 。现在为强化人的重要性，分离出人力资源部门。一般意义上人力资源部门应该是人事部的发展，但不能说人事部本身具有缺陷，只是一般意义上的解说歪曲了人事部的意义。人力资源的意义发展是其本身职能的发展而非部门名称的原因，因此人事部并没有过时之说。其本身职能的变化和发展应该具有时代意义。', '2018-04-05 00:01:36', '1001', '2018-05-12 10:41:50', '胡宇');
INSERT INTO `department` VALUES ('24', '后勤部', '24', '后勤部就是以后勤保障为主要工作的部门。该部门直接作用于团体内部其它部门，对其它部门的正常运作具有至关重要的作用，对实现团体目标任务起间接作用；简言之，后勤部是为其它各部门职能能够顺利实现提供物质服务的一个部门。在中国人民解放军队伍里，后勤部是师以上单位后勤机关部门，是主管部队后勤工作的机构。当前军队后勤保障主要有“指挥、保障合一型”与“指挥、保障分离”型两种。前者指的是后勤领导机关与后勤部队合而为一，后者则是后勤领导机关与后勤部队相互分离。', '2018-04-05 00:02:23', '1001', '2018-04-05 00:02:27', '1001');
INSERT INTO `department` VALUES ('25', '培训部', '25', '根据公司业务发展节奏完成启动培训和项目培训以及新员工岗前培训，根据公司领导要求制定培训计划，编制培训资料，包括课件以及文档资料', '2018-04-05 00:03:51', '1001', '2018-04-05 00:03:55', '1001');
INSERT INTO `department` VALUES ('26', '财务部', '26', '财务部门是利用会计部门收集的信息进行再加工、分析和决策支持,它主要是为企业内部经营者服务的部门。财务部门负责人务必将财务部门塑造成企业的核心部门，无论是集团公司财务部，还是生产型企业财务部。因为财务部门是企业资金控制的最后环节，一旦现金流出，发生的损失要挽回就相当的困难了。', '2018-04-05 00:04:46', '1001', '2018-04-05 00:04:51', '1001');

-- ----------------------------
-- Table structure for emp
-- ----------------------------
DROP TABLE IF EXISTS `emp`;
CREATE TABLE `emp` (
  `id` bigint(11) NOT NULL AUTO_INCREMENT COMMENT '工号',
  `name` varchar(20) DEFAULT NULL COMMENT '姓名',
  `age` int(11) DEFAULT NULL COMMENT '年龄',
  `password` varchar(64) DEFAULT NULL COMMENT '密码',
  `gender` varchar(2) DEFAULT NULL COMMENT '性别',
  `join_time` datetime DEFAULT NULL COMMENT '入职时间',
  `nation` varchar(10) DEFAULT NULL COMMENT '民族',
  `politics` varchar(10) DEFAULT NULL COMMENT '政治面貌',
  `address` varchar(50) DEFAULT NULL COMMENT '家庭住址',
  `birthday` date DEFAULT NULL COMMENT '生日',
  `phone` varchar(20) DEFAULT NULL COMMENT '电话1',
  `email` varchar(30) DEFAULT NULL COMMENT '邮箱',
  `school` varchar(50) DEFAULT NULL COMMENT '毕业院校',
  `education` varchar(20) DEFAULT NULL COMMENT '学历',
  `last_login` datetime DEFAULT NULL,
  `img` varchar(200) DEFAULT NULL COMMENT '头像',
  `department_id` bigint(20) DEFAULT NULL COMMENT '部门',
  `post` varchar(255) DEFAULT NULL COMMENT '职位',
  `ready` char(1) DEFAULT NULL COMMENT '是否正式员工',
  `del_flg` char(1) DEFAULT '0' COMMENT '删除标志',
  `create_time` datetime DEFAULT NULL COMMENT '创建时间',
  `create_user` varchar(20) DEFAULT NULL COMMENT '创建者',
  `update_time` datetime DEFAULT NULL COMMENT '更新时间',
  `update_user` varchar(20) DEFAULT NULL COMMENT '更新者',
  PRIMARY KEY (`id`) USING BTREE
) ENGINE=InnoDB AUTO_INCREMENT=41 DEFAULT CHARSET=utf8 ROW_FORMAT=DYNAMIC COMMENT='员工表';

-- ----------------------------
-- Records of emp
-- ----------------------------
INSERT INTO `emp` VALUES ('1', '王辉', '28', '50a4ba9facde4f69bf6c573fd77dd788', '男', '2018-12-27 16:13:09', '汉', '党员', '重庆市渝北区大竹林街道斑竹路12号', '1990-08-17', '13345671234', 'wanghui@depth.com', '西南大学', '本科', null, null, '12', '普通职员', '1', '0', '2018-04-07 10:02:34', '1001', '2018-04-27 16:13:09', '王宏');
INSERT INTO `emp` VALUES ('2', '李勤', '27', '98e41bf5b03b5855c06b7899e8a30dfb', '男', '2018-11-27 16:13:12', '汉', '党员', '重庆市渝中区瑞泰路10号', '1991-07-10', '18112345678', 'liqin@depth.com', '西南大学', '本科', null, null, '12', '普通职员', '1', '1', '2018-04-07 11:05:49', '1001', '2018-05-10 23:48:33', '王宏');
INSERT INTO `emp` VALUES ('3', '赵力', '27', 'e79ee87f6b5524c5be7a17ed4268ef4b', '男', '2017-12-27 16:13:06', '汉', '团员', '重庆市沙坪坝区小龙坎街道156号', '1991-06-05', '15578945623', 'zhaoli@depth.com', '重庆大学', '本科', null, null, '12', '普通职员', '1', '0', '2018-04-07 11:08:11', '1001', '2018-05-02 13:41:22', '王宏');
INSERT INTO `emp` VALUES ('6', '王华', '28', '1961799428c5c46f2b3d75df06cdd92e', '男', '2018-01-01 16:13:18', '汉', '团员', '重庆市江北区盘溪街道78号', '1991-07-10', '16678784545', 'wanghua@depth.com', '华南大学', '本科', null, null, '12', '普通职员', '1', '0', '2018-04-07 11:18:06', '1001', '2018-04-27 16:13:18', '王宏');
INSERT INTO `emp` VALUES ('8', '张静', '28', '1961799428c5c46f2b3d75df06cdd92e', '女', '2018-07-01 16:13:21', '汉', '团员', '重庆市江南区高昂街道17号', '1991-07-10', '16678784545', 'yuangong@depth.com', '华南大学', '本科', null, null, '12', '普通职员', '1', '0', '2018-04-07 11:23:00', '1001', '2018-04-27 16:13:21', '王宏');
INSERT INTO `emp` VALUES ('9', '张云', '28', '1961799428c5c46f2b3d75df06cdd92e', '男', '2018-04-05 11:03:23', '汉', '团员', '重庆市江南区高昂街道147号', '1991-07-10', '16678784545', 'zhangyun@depth.com', '华南大学', '本科', null, null, '9', '经理', '1', '0', '2018-04-07 11:23:32', '1001', '2018-04-07 11:23:32', '1001');
INSERT INTO `emp` VALUES ('10', '张宇', '28', '1961799428c5c46f2b3d75df06cdd92e', '男', '2018-06-01 21:18:27', '汉', '团员', '重庆市江南区高昂街道14号', '1991-07-10', '16678784545', 'zhangyu@depth.com', '华东大学', '本科', null, null, '12', '普通职员', '1', '0', '2018-04-07 11:24:10', '1001', '2018-04-26 21:18:27', '王宏');
INSERT INTO `emp` VALUES ('11', '王立', '28', '1961799428c5c46f2b3d75df06cdd92e', '男', '2018-02-01 11:03:23', '汉', '团员', '重庆市江南区高昂街道104号', '1991-07-10', '16678784545', 'wangli@depth.com', '华东大学', '本科', null, null, '11', '经理', '1', '0', '2018-04-07 11:24:39', '1001', '2018-04-07 11:24:39', '1001');
INSERT INTO `emp` VALUES ('12', '王宏', '28', '1961799428c5c46f2b3d75df06cdd92e', '男', '2018-01-01 11:03:23', '汉', '汉', '重庆市渝北区高斯街道4号', '1991-07-10', '16678784545', 'jingli@depth.com', '华东大学', '本科', null, null, '12', '经理', '1', '0', '2018-04-07 11:25:25', '1001', '2018-04-27 16:06:46', '王宏');
INSERT INTO `emp` VALUES ('13', '李林', '28', '1961799428c5c46f2b3d75df06cdd92e', '女', '2018-02-01 11:03:23', '汉', '党员', '重庆市渝北区高斯街道40号', '1991-07-10', '16678784545', 'lilin@depth.com', '西南大学', '本科', null, null, '13', '经理', '1', '0', '2018-04-07 11:26:02', '1001', '2018-04-07 11:26:02', '1001');
INSERT INTO `emp` VALUES ('14', '胡丽', '28', '1961799428c5c46f2b3d75df06cdd92e', '女', '2018-03-01 16:13:25', '汉', '党员', '重庆市渝南区高斯街道40号', '1991-07-10', '16678784545', 'huli@depth.com', '西南大学', '本科', null, null, '26', '普通职员', '1', '0', '2018-04-07 11:26:42', '1001', '2018-05-10 14:10:19', '胡宇');
INSERT INTO `emp` VALUES ('15', '胡户', '28', 'dbcfabaa2ef238bb3bea1b0cb0628ef8', '女', '2018-02-15 16:13:27', '汉', '党员', '重庆市渝南区高斯街道40号', '1991-07-10', '15978004545', 'huhu@depth.com', '成都大学', '本科', null, null, '13', '普通职员', '1', '0', '2018-04-07 11:33:41', '1001', '2018-05-10 13:51:13', '胡宇');
INSERT INTO `emp` VALUES ('17', '柳云龙', '28', 'dbcfabaa2ef238bb3bea1b0cb0628ef8', '男', '2018-03-20 16:12:50', '汉', '党员', '重庆市渝南区高斯街道40号', '1992-07-10', '15978004545', 'liuyunlong@depth.com', '四川师范大学', '本科', null, null, '12', '普通职员', '1', '0', '2018-04-07 11:33:41', '1001', '2018-04-27 16:12:50', '王宏');
INSERT INTO `emp` VALUES ('18', '王妮', '28', '23c2270bc099ef912d585ea5037702c6', '女', '2018-05-12 11:13:27', '汉', '党员', '重庆市沙坪坝小龙坎街道40号', '1991-07-10', '18978004545', 'wangni@depth.com', '重庆大学', '本科', null, null, '12', '普通职员', '1', '0', '2018-04-07 11:33:41', '1001', '2018-05-12 11:13:27', '胡宇');
INSERT INTO `emp` VALUES ('21', '杨和兰', '28', 'dbcfabaa2ef238bb3bea1b0cb0628ef8', '女', '2018-07-27 16:12:46', '汉', '党员', '重庆市沙坪坝区高斯街道40号', '1991-07-10', '15978004545', 'huhu@depth.com', '复旦大学', '本科', null, null, '12', '普通职员', '1', '0', '2018-04-07 11:33:41', '1001', '2018-04-27 16:12:46', '王宏');
INSERT INTO `emp` VALUES ('22', '马思怡', '28', '9597bf10dd46b675778ed79566084052', '女', '2018-05-12 11:13:32', '汉', '党员', '重庆市荣昌区昌源街道40号', '1991-07-10', '13358004545', 'masiyi@depth.com', '成都大学', '本科', null, null, '12', '普通职员', '1', '0', '2018-04-07 11:39:27', '1001', '2018-05-12 11:13:32', '胡宇');
INSERT INTO `emp` VALUES ('23', '胡宇', '28', 'dbcfabaa2ef238bb3bea1b0cb0628ef8', '女', '2018-03-05 11:03:23', '汉', '汉', '重庆市荣昌区惠民街道4号', '1991-06-12', '15978004545', 'renshi@depth.com', '成都大学', '本科', null, '/img/2018-05-11/31803e1c-4fd1-40db-8418-ceb5956e71d6.jpg', '23', '经理', '1', '0', '2018-04-20 13:58:40', '1001', '2018-05-11 14:23:59', '胡宇');
INSERT INTO `emp` VALUES ('27', '杨辉', '28', 'ee6cb383bb8816b7792d673182d6ee1d', '女', '2018-04-27 16:12:44', '汉', '党员', '重庆市荣昌区打勾街道40号', '1992-01-10', '17578004545', 'yanghui@depth.com', '复旦大学', '本科', null, null, '12', '普通职员', '1', '0', '2018-04-07 11:39:27', '1001', '2018-04-27 16:12:44', '王宏');
INSERT INTO `emp` VALUES ('28', '马易', '28', '37faa9d22fd60aa8415856cc42d18d3a', '男', '2018-05-12 11:13:39', '汉', '党员', '重庆市荣昌区水口街道40号', '1991-11-10', '15378004545', 'mayi@depth.com', '复旦大学', '本科', null, null, '12', '普通职员', '1', '0', '2018-04-07 11:39:27', '1001', '2018-05-12 11:13:39', '胡宇');
INSERT INTO `emp` VALUES ('29', '甄鑫', '22', 'b77c0c636dddb6af3932d61393a15446', '男', null, '汉', '团员', '重庆市綦江区虹桥路32号', '1995-07-12', '13312111212', 'zhenxin@depth.com', '西南大学', '本科', null, null, '12', '普通职员', '0', '0', '2018-04-21 00:51:27', '胡宇', '2018-04-21 00:51:27', '胡宇');
INSERT INTO `emp` VALUES ('30', '王远', '30', '738beb2cee3a523f08f89615808fdd5a', '男', '2018-05-12 11:13:36', '汉', '团员', '重庆市渝中区人和路22号', '1988-02-03', '13156568989', 'wangyuan@depth.com', '华北大学', '本科', null, null, '12', '普通职员', '1', '0', '2018-04-23 10:38:04', '胡宇', '2018-05-12 11:13:36', '胡宇');
INSERT INTO `emp` VALUES ('31', '张三风', '32', '1ecabe6d32a1247afe024d3ee0da2719', '男', '2018-04-26 21:18:35', '汉', '汉', '重庆市章叁区刘家路19号', '1994-02-10', '13123562356', 'zhangsanfeng@depth.com', '加里敦大学', '本科', null, null, '24', '助理', '1', '0', '2018-04-23 14:27:01', '胡宇', '2018-05-12 00:54:42', '胡宇');
INSERT INTO `emp` VALUES ('32', '约翰', '25', '31c68d9492c5627b6aa25f4236c150d8', '男', '2018-05-12 11:13:50', '汉', '团员', '重庆市南岸区步行街32号', '1994-02-11', '15589892323', 'yuehan@depth.com', '新疆大学', '本科', null, null, '13', '普通职员', '1', '0', '2018-04-23 14:35:49', '胡宇', '2018-05-12 11:13:50', '胡宇');
INSERT INTO `emp` VALUES ('33', '王大锤', '35', 'a8b6cdcb8d2fb22d3bbf4a1b0943cd17', '男', '2018-04-24 22:54:03', '汉', '团员', '重庆市浦江区天桥路32号', '1989-02-08', '13156238989', 'wangdachui@depth.com', '某某大学', '本科', null, null, '24', '助理', '1', '0', '2018-04-23 21:24:08', '胡宇', '2018-05-12 00:40:53', '胡宇');
INSERT INTO `emp` VALUES ('34', '李想', '22', 'f7b3c7f72cbe14fd3509ab9310468eef', '男', '2018-05-12 11:13:43', '汉', '党员', '重庆市綦江区虹桥路32号', '1990-06-12', '13156562323', 'lixiang@depth.com', '四川大学', '本科', null, null, '9', '普通职员', '1', '0', '2018-04-23 22:53:55', '胡宇', '2018-05-12 11:13:43', '胡宇');
INSERT INTO `emp` VALUES ('35', '刘通', '34', 'f6eca92f385027b08159a35e9145d54e', '男', '2018-05-12 11:13:23', '汉', '党员', '重庆市荣昌区', '1984-02-07', '13323234545', 'liutong@depth.com', '啦啦啦大学', '本科', null, null, '16', '普通职员', '1', '0', '2018-05-06 13:15:46', '胡宇', '2018-05-12 11:13:23', '胡宇');
INSERT INTO `emp` VALUES ('37', '萧红', '22', '06088beadd3d481ef4c8b84bb6293952', '女', '2018-05-10 13:45:43', '汉', '汉', '重庆市', '1980-07-16', '13110134934', 'xiaohong@depth.com', '大学', '本科', null, '', '24', '普通职员', '1', '1', '2018-05-10 13:44:46', '胡宇', '2018-05-10 23:29:56', '胡宇');
INSERT INTO `emp` VALUES ('38', '快乐的小鸟', '33', '69a8fe977ebdbc85fb290a43200af36b', '女', '2018-05-12 10:24:20', '汉', '汉', '重庆市', '2018-05-27', '13334342323', 'kuaile@depth.com', '快乐大学', '本科', null, '', '26', '普通职员', '1', '1', '2018-05-12 10:21:18', '胡宇', '2018-05-12 10:42:27', '胡宇');
INSERT INTO `emp` VALUES ('39', '快乐', '32', '8157f93789abe88f3447bcd9a4531ff7', '男', '2018-05-12 10:54:40', '汉', '汉', '重庆', '2018-05-31', '13390908787', 'kuaile@depth.com', '快乐大学', '本科', null, '/img/2018-05-12/07109f1d-e53d-471d-8219-3507ae2f76ad.jpg', '20', '普通职员', '1', '0', '2018-05-12 10:54:00', '胡宇', '2018-05-12 10:56:05', '胡宇');
INSERT INTO `emp` VALUES ('40', '管理员', '22', 'b77c0c636dddb6af3932d61393a15446', '男', '2018-05-12 11:14:57', '汉', '党员', '重庆', '2018-05-15', '13312111212', 'admin@depth.com', '大学', '恩科', null, null, '1', '经理', '1', '0', '2018-05-12 11:16:57', '111', '2018-05-12 11:17:01', '111');

-- ----------------------------
-- Table structure for holidays
-- ----------------------------
DROP TABLE IF EXISTS `holidays`;
CREATE TABLE `holidays` (
  `id` int(11) NOT NULL AUTO_INCREMENT,
  `week_date` date DEFAULT NULL,
  `comment` varchar(50) DEFAULT NULL,
  PRIMARY KEY (`id`) USING BTREE
) ENGINE=InnoDB AUTO_INCREMENT=4 DEFAULT CHARSET=utf8 ROW_FORMAT=DYNAMIC;

-- ----------------------------
-- Records of holidays
-- ----------------------------
INSERT INTO `holidays` VALUES ('1', '2018-05-01', '劳动节');
INSERT INTO `holidays` VALUES ('2', '2018-10-01', '国庆节');
INSERT INTO `holidays` VALUES ('3', '2018-04-05', '清明节');

-- ----------------------------
-- Table structure for invite_post
-- ----------------------------
DROP TABLE IF EXISTS `invite_post`;
CREATE TABLE `invite_post` (
  `id` bigint(20) NOT NULL AUTO_INCREMENT,
  `emp_id` bigint(20) DEFAULT NULL COMMENT '员工ID',
  `emp_name` varchar(50) DEFAULT NULL,
  `status` char(2) DEFAULT NULL COMMENT '处理结果',
  `department_id` bigint(11) DEFAULT NULL,
  `department_name` varchar(50) DEFAULT NULL,
  `approver` bigint(20) DEFAULT NULL COMMENT '审批人',
  `entry_time` datetime DEFAULT NULL COMMENT '入职时间',
  `create_time` datetime DEFAULT NULL,
  `create_user` varchar(30) DEFAULT NULL,
  `update_time` datetime DEFAULT NULL,
  `update_user` varchar(30) DEFAULT NULL,
  PRIMARY KEY (`id`) USING BTREE
) ENGINE=InnoDB AUTO_INCREMENT=29 DEFAULT CHARSET=utf8 ROW_FORMAT=DYNAMIC COMMENT='招聘表';

-- ----------------------------
-- Records of invite_post
-- ----------------------------
INSERT INTO `invite_post` VALUES ('1', '32', '约翰', '1', '13', '采购部', '23', '2018-04-23 14:35:49', '2018-04-23 14:35:49', '胡宇', '2018-05-12 11:13:50', '胡宇');
INSERT INTO `invite_post` VALUES ('2', '33', '王大锤', '1', '12', '生产部', '12', '2018-04-23 21:24:08', '2018-04-23 21:24:08', '胡宇', '2018-04-24 22:54:03', '王宏');
INSERT INTO `invite_post` VALUES ('3', '34', '李想', '1', '9', '市场部', '23', '2018-04-23 22:53:55', '2018-04-23 22:53:55', '胡宇', '2018-05-12 11:13:43', '胡宇');
INSERT INTO `invite_post` VALUES ('4', '1', '王辉', '1', '12', '生产部', '12', '2018-04-24 21:49:13', '2018-04-24 21:49:13', '胡宇', '2018-04-27 16:13:09', '王宏');
INSERT INTO `invite_post` VALUES ('5', '2', '李勤', '1', '12', '生产部', '12', '2018-04-24 21:49:13', '2018-04-24 21:49:13', '胡宇', '2018-04-27 16:13:11', '王宏');
INSERT INTO `invite_post` VALUES ('6', '3', '赵力', '1', '12', '生产部', '12', '2018-04-24 21:49:13', '2018-04-24 21:49:13', '胡宇', '2018-04-27 16:13:06', '王宏');
INSERT INTO `invite_post` VALUES ('7', '4', '陈宇涵', '2', '12', '生产部', '12', '2018-04-24 21:49:13', '2018-04-24 21:49:13', '胡宇', '2018-04-27 16:13:14', '王宏');
INSERT INTO `invite_post` VALUES ('8', '5', '程晨', '2', '12', '生产部', '12', '2018-04-24 21:49:13', '2018-04-24 21:49:13', '胡宇', '2018-04-26 09:50:45', '王宏');
INSERT INTO `invite_post` VALUES ('9', '6', '王华', '1', '12', '生产部', '12', '2018-04-24 21:49:13', '2018-04-24 21:49:13', '胡宇', '2018-04-27 16:13:17', '王宏');
INSERT INTO `invite_post` VALUES ('10', '7', '张珊', '2', '12', '生产部', '12', '2018-04-24 21:49:13', '2018-04-24 21:49:13', '胡宇', '2018-04-27 16:13:19', '王宏');
INSERT INTO `invite_post` VALUES ('11', '8', '张静', '1', '12', '生产部', '12', '2018-04-24 21:49:13', '2018-04-24 21:49:13', '胡宇', '2018-04-27 16:13:21', '王宏');
INSERT INTO `invite_post` VALUES ('12', '10', '张宇', '1', '12', '生产部', '12', '2018-04-24 21:49:13', '2018-04-24 21:49:13', '胡宇', '2018-04-26 21:18:28', '王宏');
INSERT INTO `invite_post` VALUES ('13', '14', '胡丽', '1', '12', '生产部', '12', '2018-04-24 21:49:13', '2018-04-24 21:49:13', '胡宇', '2018-04-27 16:13:24', '王宏');
INSERT INTO `invite_post` VALUES ('14', '15', '胡户', '1', '12', '生产部', '12', '2018-04-24 21:49:13', '2018-04-24 21:49:13', '胡宇', '2018-04-27 16:13:26', '王宏');
INSERT INTO `invite_post` VALUES ('15', '17', '柳云龙', '1', '12', '生产部', '12', '2018-04-24 21:49:13', '2018-04-24 21:49:13', '胡宇', '2018-04-27 16:12:50', '王宏');
INSERT INTO `invite_post` VALUES ('16', '18', '王妮', '1', '12', '生产部', '23', '2018-04-24 21:49:13', '2018-04-24 21:49:13', '胡宇', '2018-05-12 11:13:27', '胡宇');
INSERT INTO `invite_post` VALUES ('17', '21', '杨和兰', '1', '12', '生产部', '12', '2018-04-24 21:49:13', '2018-04-24 21:49:13', '胡宇', '2018-04-27 16:12:46', '王宏');
INSERT INTO `invite_post` VALUES ('18', '22', '马思怡', '1', '12', '生产部', '23', '2018-04-24 21:49:13', '2018-04-24 21:49:13', '胡宇', '2018-05-12 11:13:31', '胡宇');
INSERT INTO `invite_post` VALUES ('19', '27', '杨辉', '1', '12', '生产部', '12', '2018-04-24 21:49:13', '2018-04-24 21:49:13', '胡宇', '2018-04-27 16:12:43', '王宏');
INSERT INTO `invite_post` VALUES ('21', '30', '王远', '1', '12', '生产部', '23', '2018-04-24 21:49:13', '2018-04-24 21:49:13', '胡宇', '2018-05-12 11:13:35', '胡宇');
INSERT INTO `invite_post` VALUES ('22', '31', '张三丰', '1', '12', '生产部', '12', '2018-04-24 21:49:13', '2018-04-24 21:49:13', '胡宇', '2018-04-26 21:18:36', '王宏');
INSERT INTO `invite_post` VALUES ('23', '28', '马易', '1', '12', '生产部', '23', '2018-04-24 21:49:13', '2018-04-24 21:49:13', '胡宇', '2018-05-12 11:13:39', '胡宇');
INSERT INTO `invite_post` VALUES ('24', '35', '刘通', '1', '16', '车间生产', '23', '2018-05-06 13:15:46', '2018-05-06 13:15:46', '胡宇', '2018-05-12 11:13:23', '胡宇');
INSERT INTO `invite_post` VALUES ('25', '36', '真心', '1', '12', '生产部', '12', '2018-05-07 11:58:24', '2018-05-07 11:58:24', '胡宇', '2018-05-07 19:59:37', '王宏');
INSERT INTO `invite_post` VALUES ('26', '37', '萧红', '1', '24', '后勤部', '23', '2018-05-10 13:44:46', '2018-05-10 13:44:46', '胡宇', '2018-05-10 13:45:43', '胡宇');
INSERT INTO `invite_post` VALUES ('27', '38', '快乐的小鸟', '1', '26', '财务部', '23', '2018-05-12 10:21:18', '2018-05-12 10:21:18', '胡宇', '2018-05-12 10:24:20', '胡宇');
INSERT INTO `invite_post` VALUES ('28', '39', '快乐', '1', '20', '仓库', '23', '2018-05-12 10:54:00', '2018-05-12 10:54:00', '胡宇', '2018-05-12 10:54:40', '胡宇');

-- ----------------------------
-- Table structure for post
-- ----------------------------
DROP TABLE IF EXISTS `post`;
CREATE TABLE `post` (
  `id` int(11) NOT NULL AUTO_INCREMENT,
  `post` varchar(30) DEFAULT NULL,
  `salary` int(11) DEFAULT NULL,
  PRIMARY KEY (`id`)
) ENGINE=InnoDB AUTO_INCREMENT=4 DEFAULT CHARSET=utf8;

-- ----------------------------
-- Records of post
-- ----------------------------
INSERT INTO `post` VALUES ('1', '普通职员', '5000');
INSERT INTO `post` VALUES ('2', '经理', '8000');
INSERT INTO `post` VALUES ('3', '助理', '6000');

-- ----------------------------
-- Table structure for salary
-- ----------------------------
DROP TABLE IF EXISTS `salary`;
CREATE TABLE `salary` (
  `id` bigint(11) NOT NULL AUTO_INCREMENT,
  `emp_id` bigint(11) DEFAULT NULL COMMENT '员工ID',
  `base` int(11) DEFAULT '0' COMMENT '基本工资',
  `bonus` int(11) DEFAULT '0' COMMENT '奖金',
  `subsidy` int(11) DEFAULT '0' COMMENT '补贴',
  `comment` varchar(300) DEFAULT NULL COMMENT '备注信息',
  `create_time` datetime DEFAULT NULL,
  `create_user` varchar(30) DEFAULT NULL,
  `update_time` datetime DEFAULT NULL,
  `update_user` varchar(30) DEFAULT NULL,
  PRIMARY KEY (`id`) USING BTREE
) ENGINE=InnoDB AUTO_INCREMENT=77 DEFAULT CHARSET=utf8 ROW_FORMAT=DYNAMIC COMMENT='薪资表';

-- ----------------------------
-- Records of salary
-- ----------------------------
INSERT INTO `salary` VALUES ('35', '1', '6000', '200', '0', '给你涨工资啦', '2018-05-03 09:13:44', '111', '2018-05-12 10:37:59', '胡宇');
INSERT INTO `salary` VALUES ('36', '2', '5000', '0', '0', null, '2018-05-03 09:13:45', '111', '2018-05-03 09:13:45', '111');
INSERT INTO `salary` VALUES ('37', '3', '5000', '200', '0', null, '2018-05-03 09:13:45', '111', '2018-05-03 16:53:34', '王宏');
INSERT INTO `salary` VALUES ('38', '4', '5000', '0', '0', null, '2018-05-03 09:13:45', '111', '2018-05-03 09:13:45', '111');
INSERT INTO `salary` VALUES ('39', '5', '5000', '0', '0', null, '2018-05-03 09:13:45', '111', '2018-05-03 09:13:45', '111');
INSERT INTO `salary` VALUES ('40', '6', '5000', '0', '0', null, '2018-05-03 09:13:45', '111', '2018-05-03 09:13:45', '111');
INSERT INTO `salary` VALUES ('41', '7', '5000', '0', '0', null, '2018-05-03 09:13:45', '111', '2018-05-03 09:13:45', '111');
INSERT INTO `salary` VALUES ('42', '8', '5000', '200', '0', null, '2018-05-03 09:13:46', '111', '2018-05-03 16:54:28', '王宏');
INSERT INTO `salary` VALUES ('43', '9', '6000', '0', '0', null, '2018-05-03 09:13:46', '111', '2018-05-03 09:13:46', '111');
INSERT INTO `salary` VALUES ('44', '10', '5000', '0', '0', null, '2018-05-03 09:13:46', '111', '2018-05-03 09:13:46', '111');
INSERT INTO `salary` VALUES ('45', '11', '6000', '0', '0', null, '2018-05-03 09:13:46', '111', '2018-05-03 09:13:46', '111');
INSERT INTO `salary` VALUES ('46', '12', '6000', '0', '0', null, '2018-05-03 09:13:46', '111', '2018-05-03 09:13:46', '111');
INSERT INTO `salary` VALUES ('47', '13', '6000', '0', '0', null, '2018-05-03 09:13:46', '111', '2018-05-03 09:13:46', '111');
INSERT INTO `salary` VALUES ('48', '14', '5000', '0', '0', null, '2018-05-03 09:13:46', '111', '2018-05-03 09:13:46', '111');
INSERT INTO `salary` VALUES ('49', '15', '5000', '0', '0', null, '2018-05-03 09:13:47', '111', '2018-05-03 09:13:47', '111');
INSERT INTO `salary` VALUES ('50', '16', '6000', '0', '0', null, '2018-05-03 09:13:47', '111', '2018-05-03 09:13:47', '111');
INSERT INTO `salary` VALUES ('51', '17', '5000', '0', '0', null, '2018-05-03 09:13:47', '111', '2018-05-03 09:13:47', '111');
INSERT INTO `salary` VALUES ('52', '18', '5000', '0', '0', null, '2018-05-03 09:13:47', '111', '2018-05-03 09:13:47', '111');
INSERT INTO `salary` VALUES ('53', '19', '6000', '0', '0', null, '2018-05-03 09:13:47', '111', '2018-05-03 09:13:47', '111');
INSERT INTO `salary` VALUES ('54', '20', '6000', '0', '0', null, '2018-05-03 09:13:47', '111', '2018-05-03 09:13:47', '111');
INSERT INTO `salary` VALUES ('55', '21', '5000', '0', '0', null, '2018-05-03 09:13:47', '111', '2018-05-03 09:13:47', '111');
INSERT INTO `salary` VALUES ('56', '22', '5000', '0', '0', null, '2018-05-03 09:13:48', '111', '2018-05-03 09:13:48', '111');
INSERT INTO `salary` VALUES ('57', '23', '6000', '0', '0', null, '2018-05-03 09:13:48', '111', '2018-05-03 09:13:48', '111');
INSERT INTO `salary` VALUES ('58', '24', '6000', '0', '0', null, '2018-05-03 09:13:48', '111', '2018-05-03 09:13:48', '111');
INSERT INTO `salary` VALUES ('59', '25', '6000', '0', '0', null, '2018-05-03 09:13:48', '111', '2018-05-03 09:13:48', '111');
INSERT INTO `salary` VALUES ('60', '26', '6000', '0', '0', null, '2018-05-03 09:13:48', '111', '2018-05-03 09:13:48', '111');
INSERT INTO `salary` VALUES ('61', '27', '5500', '0', '0', '涨工资', '2018-05-03 09:13:48', '111', '2018-05-10 21:43:37', '胡宇');
INSERT INTO `salary` VALUES ('62', '28', '5000', '0', '0', null, '2018-05-03 09:13:48', '111', '2018-05-03 09:13:48', '111');
INSERT INTO `salary` VALUES ('63', '29', '6000', '0', '0', null, '2018-05-03 09:13:49', '111', '2018-05-03 09:13:49', '111');
INSERT INTO `salary` VALUES ('64', '30', '5000', '0', '0', null, '2018-05-03 09:13:49', '111', '2018-05-03 09:13:49', '111');
INSERT INTO `salary` VALUES ('65', '31', '6000', '0', '0', '职位变化更改', '2018-05-03 09:13:49', '111', '2018-05-12 00:54:42', '胡宇');
INSERT INTO `salary` VALUES ('66', '32', '5000', '0', '0', null, '2018-05-03 09:13:49', '111', '2018-05-03 09:13:49', '111');
INSERT INTO `salary` VALUES ('67', '33', '6000', '0', '0', '职位变化更改', '2018-05-03 09:13:49', '111', '2018-05-12 00:40:50', '胡宇');
INSERT INTO `salary` VALUES ('68', '34', '5000', '0', '0', null, '2018-05-03 09:13:49', '111', '2018-05-03 09:13:49', '111');
INSERT INTO `salary` VALUES ('69', '39', '5000', '0', '0', '初始工资', '2018-05-12 10:54:41', '胡宇', '2018-05-12 10:54:41', '胡宇');
INSERT INTO `salary` VALUES ('70', '35', '5000', '0', '0', '初始工资', '2018-05-12 11:13:23', '胡宇', '2018-05-12 11:13:23', '胡宇');
INSERT INTO `salary` VALUES ('71', '18', '5000', '0', '0', '初始工资', '2018-05-12 11:13:27', '胡宇', '2018-05-12 11:13:27', '胡宇');
INSERT INTO `salary` VALUES ('72', '22', '5000', '0', '0', '初始工资', '2018-05-12 11:13:32', '胡宇', '2018-05-12 11:13:32', '胡宇');
INSERT INTO `salary` VALUES ('73', '30', '5000', '0', '0', '初始工资', '2018-05-12 11:13:36', '胡宇', '2018-05-12 11:13:36', '胡宇');
INSERT INTO `salary` VALUES ('74', '28', '5000', '0', '0', '初始工资', '2018-05-12 11:13:39', '胡宇', '2018-05-12 11:13:39', '胡宇');
INSERT INTO `salary` VALUES ('75', '34', '5000', '0', '0', '初始工资', '2018-05-12 11:13:43', '胡宇', '2018-05-12 11:13:43', '胡宇');
INSERT INTO `salary` VALUES ('76', '32', '5000', '0', '0', '初始工资', '2018-05-12 11:13:50', '胡宇', '2018-05-12 11:13:50', '胡宇');

-- ----------------------------
-- Table structure for salary_history
-- ----------------------------
DROP TABLE IF EXISTS `salary_history`;
CREATE TABLE `salary_history` (
  `id` bigint(20) NOT NULL AUTO_INCREMENT,
  `emp_id` bigint(20) DEFAULT NULL COMMENT '员工ID',
  `salary` decimal(10,0) DEFAULT NULL COMMENT '薪资',
  `comment` varchar(300) DEFAULT NULL COMMENT '备注',
  `create_time` datetime DEFAULT NULL,
  `create_user` varchar(255) DEFAULT NULL,
  `update_time` datetime DEFAULT NULL,
  `update_user` varchar(255) DEFAULT NULL,
  PRIMARY KEY (`id`) USING BTREE
) ENGINE=InnoDB AUTO_INCREMENT=444 DEFAULT CHARSET=utf8 ROW_FORMAT=DYNAMIC COMMENT='历史薪资表';

-- ----------------------------
-- Records of salary_history
-- ----------------------------
INSERT INTO `salary_history` VALUES ('8', '1', '5500', null, '2017-01-01 00:00:00', '111', '2017-01-01 00:00:00', '111');
INSERT INTO `salary_history` VALUES ('9', '1', '6000', null, '2017-02-01 00:00:00', '111', '2017-02-01 00:00:00', '111');
INSERT INTO `salary_history` VALUES ('10', '1', '10500', null, '2017-03-01 00:00:00', '111', '2017-03-01 00:00:00', '111');
INSERT INTO `salary_history` VALUES ('11', '1', '5000', null, '2017-04-01 00:00:00', '111', '2017-04-01 00:00:00', '111');
INSERT INTO `salary_history` VALUES ('12', '1', '8500', null, '2017-05-01 00:00:00', '111', '2017-05-01 00:00:00', '111');
INSERT INTO `salary_history` VALUES ('13', '1', '8000', null, '2017-06-01 00:00:00', '111', '2017-06-01 00:00:00', '111');
INSERT INTO `salary_history` VALUES ('14', '1', '10500', null, '2017-07-01 00:00:00', '111', '2017-07-01 00:00:00', '111');
INSERT INTO `salary_history` VALUES ('15', '1', '7000', null, '2017-08-01 00:00:00', '111', '2017-08-01 00:00:00', '111');
INSERT INTO `salary_history` VALUES ('16', '1', '5500', null, '2017-09-01 00:00:00', '111', '2017-09-01 00:00:00', '111');
INSERT INTO `salary_history` VALUES ('17', '1', '9000', null, '2017-10-01 00:00:00', '111', '2017-10-01 00:00:00', '111');
INSERT INTO `salary_history` VALUES ('18', '1', '9500', null, '2017-11-01 00:00:00', '111', '2017-11-01 00:00:00', '111');
INSERT INTO `salary_history` VALUES ('19', '1', '15000', null, '2017-12-01 00:00:00', '111', '2017-12-01 00:00:00', '111');
INSERT INTO `salary_history` VALUES ('20', '2', '2500', null, '2017-01-01 00:00:00', '111', '2017-01-01 00:00:00', '111');
INSERT INTO `salary_history` VALUES ('21', '2', '8000', null, '2017-02-01 00:00:00', '111', '2017-02-01 00:00:00', '111');
INSERT INTO `salary_history` VALUES ('22', '2', '5500', null, '2017-03-01 00:00:00', '111', '2017-03-01 00:00:00', '111');
INSERT INTO `salary_history` VALUES ('23', '2', '5000', null, '2017-04-01 00:00:00', '111', '2017-04-01 00:00:00', '111');
INSERT INTO `salary_history` VALUES ('24', '2', '3500', null, '2017-05-01 00:00:00', '111', '2017-05-01 00:00:00', '111');
INSERT INTO `salary_history` VALUES ('25', '2', '10000', null, '2017-06-01 00:00:00', '111', '2017-06-01 00:00:00', '111');
INSERT INTO `salary_history` VALUES ('26', '2', '12500', null, '2017-07-01 00:00:00', '111', '2017-07-01 00:00:00', '111');
INSERT INTO `salary_history` VALUES ('27', '2', '7000', null, '2017-08-01 00:00:00', '111', '2017-08-01 00:00:00', '111');
INSERT INTO `salary_history` VALUES ('28', '2', '6500', null, '2017-09-01 00:00:00', '111', '2017-09-01 00:00:00', '111');
INSERT INTO `salary_history` VALUES ('29', '2', '11000', null, '2017-10-01 00:00:00', '111', '2017-10-01 00:00:00', '111');
INSERT INTO `salary_history` VALUES ('30', '2', '6500', null, '2017-11-01 00:00:00', '111', '2017-11-01 00:00:00', '111');
INSERT INTO `salary_history` VALUES ('31', '2', '11000', null, '2017-12-01 00:00:00', '111', '2017-12-01 00:00:00', '111');
INSERT INTO `salary_history` VALUES ('32', '3', '6500', null, '2017-01-01 00:00:00', '111', '2017-01-01 00:00:00', '111');
INSERT INTO `salary_history` VALUES ('33', '3', '4000', null, '2017-02-01 00:00:00', '111', '2017-02-01 00:00:00', '111');
INSERT INTO `salary_history` VALUES ('34', '3', '5500', null, '2017-03-01 00:00:00', '111', '2017-03-01 00:00:00', '111');
INSERT INTO `salary_history` VALUES ('35', '3', '3000', null, '2017-04-01 00:00:00', '111', '2017-04-01 00:00:00', '111');
INSERT INTO `salary_history` VALUES ('36', '3', '3500', null, '2017-05-01 00:00:00', '111', '2017-05-01 00:00:00', '111');
INSERT INTO `salary_history` VALUES ('37', '3', '4000', null, '2017-06-01 00:00:00', '111', '2017-06-01 00:00:00', '111');
INSERT INTO `salary_history` VALUES ('38', '3', '7500', null, '2017-07-01 00:00:00', '111', '2017-07-01 00:00:00', '111');
INSERT INTO `salary_history` VALUES ('39', '3', '9000', null, '2017-08-01 00:00:00', '111', '2017-08-01 00:00:00', '111');
INSERT INTO `salary_history` VALUES ('40', '3', '12500', null, '2017-09-01 00:00:00', '111', '2017-09-01 00:00:00', '111');
INSERT INTO `salary_history` VALUES ('41', '3', '9000', null, '2017-10-01 00:00:00', '111', '2017-10-01 00:00:00', '111');
INSERT INTO `salary_history` VALUES ('42', '3', '6500', null, '2017-11-01 00:00:00', '111', '2017-11-01 00:00:00', '111');
INSERT INTO `salary_history` VALUES ('43', '3', '11000', null, '2017-12-01 00:00:00', '111', '2017-12-01 00:00:00', '111');
INSERT INTO `salary_history` VALUES ('44', '4', '2500', null, '2017-01-01 00:00:00', '111', '2017-01-01 00:00:00', '111');
INSERT INTO `salary_history` VALUES ('45', '4', '2000', null, '2017-02-01 00:00:00', '111', '2017-02-01 00:00:00', '111');
INSERT INTO `salary_history` VALUES ('46', '4', '3500', null, '2017-03-01 00:00:00', '111', '2017-03-01 00:00:00', '111');
INSERT INTO `salary_history` VALUES ('47', '4', '6000', null, '2017-04-01 00:00:00', '111', '2017-04-01 00:00:00', '111');
INSERT INTO `salary_history` VALUES ('48', '4', '6500', null, '2017-05-01 00:00:00', '111', '2017-05-01 00:00:00', '111');
INSERT INTO `salary_history` VALUES ('49', '4', '5000', null, '2017-06-01 00:00:00', '111', '2017-06-01 00:00:00', '111');
INSERT INTO `salary_history` VALUES ('50', '4', '4500', null, '2017-07-01 00:00:00', '111', '2017-07-01 00:00:00', '111');
INSERT INTO `salary_history` VALUES ('51', '4', '7000', null, '2017-08-01 00:00:00', '111', '2017-08-01 00:00:00', '111');
INSERT INTO `salary_history` VALUES ('52', '4', '5500', null, '2017-09-01 00:00:00', '111', '2017-09-01 00:00:00', '111');
INSERT INTO `salary_history` VALUES ('53', '4', '10000', null, '2017-10-01 00:00:00', '111', '2017-10-01 00:00:00', '111');
INSERT INTO `salary_history` VALUES ('54', '4', '10500', null, '2017-11-01 00:00:00', '111', '2017-11-01 00:00:00', '111');
INSERT INTO `salary_history` VALUES ('55', '4', '11000', null, '2017-12-01 00:00:00', '111', '2017-12-01 00:00:00', '111');
INSERT INTO `salary_history` VALUES ('56', '5', '2500', null, '2017-01-01 00:00:00', '111', '2017-01-01 00:00:00', '111');
INSERT INTO `salary_history` VALUES ('57', '5', '6000', null, '2017-02-01 00:00:00', '111', '2017-02-01 00:00:00', '111');
INSERT INTO `salary_history` VALUES ('58', '5', '2500', null, '2017-03-01 00:00:00', '111', '2017-03-01 00:00:00', '111');
INSERT INTO `salary_history` VALUES ('59', '5', '6000', null, '2017-04-01 00:00:00', '111', '2017-04-01 00:00:00', '111');
INSERT INTO `salary_history` VALUES ('60', '5', '4500', null, '2017-05-01 00:00:00', '111', '2017-05-01 00:00:00', '111');
INSERT INTO `salary_history` VALUES ('61', '5', '4000', null, '2017-06-01 00:00:00', '111', '2017-06-01 00:00:00', '111');
INSERT INTO `salary_history` VALUES ('62', '5', '5500', null, '2017-07-01 00:00:00', '111', '2017-07-01 00:00:00', '111');
INSERT INTO `salary_history` VALUES ('63', '5', '11000', null, '2017-08-01 00:00:00', '111', '2017-08-01 00:00:00', '111');
INSERT INTO `salary_history` VALUES ('64', '5', '5500', null, '2017-09-01 00:00:00', '111', '2017-09-01 00:00:00', '111');
INSERT INTO `salary_history` VALUES ('65', '5', '13000', null, '2017-10-01 00:00:00', '111', '2017-10-01 00:00:00', '111');
INSERT INTO `salary_history` VALUES ('66', '5', '7500', null, '2017-11-01 00:00:00', '111', '2017-11-01 00:00:00', '111');
INSERT INTO `salary_history` VALUES ('67', '5', '11000', null, '2017-12-01 00:00:00', '111', '2017-12-01 00:00:00', '111');
INSERT INTO `salary_history` VALUES ('68', '6', '5500', null, '2017-01-01 00:00:00', '111', '2017-01-01 00:00:00', '111');
INSERT INTO `salary_history` VALUES ('69', '6', '6000', null, '2017-02-01 00:00:00', '111', '2017-02-01 00:00:00', '111');
INSERT INTO `salary_history` VALUES ('70', '6', '2500', null, '2017-03-01 00:00:00', '111', '2017-03-01 00:00:00', '111');
INSERT INTO `salary_history` VALUES ('71', '6', '4000', null, '2017-04-01 00:00:00', '111', '2017-04-01 00:00:00', '111');
INSERT INTO `salary_history` VALUES ('72', '6', '11500', null, '2017-05-01 00:00:00', '111', '2017-05-01 00:00:00', '111');
INSERT INTO `salary_history` VALUES ('73', '6', '12000', null, '2017-06-01 00:00:00', '111', '2017-06-01 00:00:00', '111');
INSERT INTO `salary_history` VALUES ('74', '6', '5500', null, '2017-07-01 00:00:00', '111', '2017-07-01 00:00:00', '111');
INSERT INTO `salary_history` VALUES ('75', '6', '7000', null, '2017-08-01 00:00:00', '111', '2017-08-01 00:00:00', '111');
INSERT INTO `salary_history` VALUES ('76', '6', '7500', null, '2017-09-01 00:00:00', '111', '2017-09-01 00:00:00', '111');
INSERT INTO `salary_history` VALUES ('77', '6', '10000', null, '2017-10-01 00:00:00', '111', '2017-10-01 00:00:00', '111');
INSERT INTO `salary_history` VALUES ('78', '6', '9500', null, '2017-11-01 00:00:00', '111', '2017-11-01 00:00:00', '111');
INSERT INTO `salary_history` VALUES ('79', '6', '14000', null, '2017-12-01 00:00:00', '111', '2017-12-01 00:00:00', '111');
INSERT INTO `salary_history` VALUES ('80', '7', '3500', null, '2017-01-01 00:00:00', '111', '2017-01-01 00:00:00', '111');
INSERT INTO `salary_history` VALUES ('81', '7', '9000', null, '2017-02-01 00:00:00', '111', '2017-02-01 00:00:00', '111');
INSERT INTO `salary_history` VALUES ('82', '7', '7500', null, '2017-03-01 00:00:00', '111', '2017-03-01 00:00:00', '111');
INSERT INTO `salary_history` VALUES ('83', '7', '5000', null, '2017-04-01 00:00:00', '111', '2017-04-01 00:00:00', '111');
INSERT INTO `salary_history` VALUES ('84', '7', '6500', null, '2017-05-01 00:00:00', '111', '2017-05-01 00:00:00', '111');
INSERT INTO `salary_history` VALUES ('85', '7', '8000', null, '2017-06-01 00:00:00', '111', '2017-06-01 00:00:00', '111');
INSERT INTO `salary_history` VALUES ('86', '7', '5500', null, '2017-07-01 00:00:00', '111', '2017-07-01 00:00:00', '111');
INSERT INTO `salary_history` VALUES ('87', '7', '8000', null, '2017-08-01 00:00:00', '111', '2017-08-01 00:00:00', '111');
INSERT INTO `salary_history` VALUES ('88', '7', '9500', null, '2017-09-01 00:00:00', '111', '2017-09-01 00:00:00', '111');
INSERT INTO `salary_history` VALUES ('89', '7', '14000', null, '2017-10-01 00:00:00', '111', '2017-10-01 00:00:00', '111');
INSERT INTO `salary_history` VALUES ('90', '7', '10500', null, '2017-11-01 00:00:00', '111', '2017-11-01 00:00:00', '111');
INSERT INTO `salary_history` VALUES ('91', '7', '12000', null, '2017-12-01 00:00:00', '111', '2017-12-01 00:00:00', '111');
INSERT INTO `salary_history` VALUES ('92', '8', '5500', null, '2017-01-01 00:00:00', '111', '2017-01-01 00:00:00', '111');
INSERT INTO `salary_history` VALUES ('93', '8', '6000', null, '2017-02-01 00:00:00', '111', '2017-02-01 00:00:00', '111');
INSERT INTO `salary_history` VALUES ('94', '8', '3500', null, '2017-03-01 00:00:00', '111', '2017-03-01 00:00:00', '111');
INSERT INTO `salary_history` VALUES ('95', '8', '10000', null, '2017-04-01 00:00:00', '111', '2017-04-01 00:00:00', '111');
INSERT INTO `salary_history` VALUES ('96', '8', '6500', null, '2017-05-01 00:00:00', '111', '2017-05-01 00:00:00', '111');
INSERT INTO `salary_history` VALUES ('97', '8', '4000', null, '2017-06-01 00:00:00', '111', '2017-06-01 00:00:00', '111');
INSERT INTO `salary_history` VALUES ('98', '8', '5500', null, '2017-07-01 00:00:00', '111', '2017-07-01 00:00:00', '111');
INSERT INTO `salary_history` VALUES ('99', '8', '8000', null, '2017-08-01 00:00:00', '111', '2017-08-01 00:00:00', '111');
INSERT INTO `salary_history` VALUES ('100', '8', '10500', null, '2017-09-01 00:00:00', '111', '2017-09-01 00:00:00', '111');
INSERT INTO `salary_history` VALUES ('101', '8', '14000', null, '2017-10-01 00:00:00', '111', '2017-10-01 00:00:00', '111');
INSERT INTO `salary_history` VALUES ('102', '8', '7500', null, '2017-11-01 00:00:00', '111', '2017-11-01 00:00:00', '111');
INSERT INTO `salary_history` VALUES ('103', '8', '9000', null, '2017-12-01 00:00:00', '111', '2017-12-01 00:00:00', '111');
INSERT INTO `salary_history` VALUES ('104', '9', '3500', null, '2017-01-01 00:00:00', '111', '2017-01-01 00:00:00', '111');
INSERT INTO `salary_history` VALUES ('105', '9', '2000', null, '2017-02-01 00:00:00', '111', '2017-02-01 00:00:00', '111');
INSERT INTO `salary_history` VALUES ('106', '9', '6500', null, '2017-03-01 00:00:00', '111', '2017-03-01 00:00:00', '111');
INSERT INTO `salary_history` VALUES ('107', '9', '7000', null, '2017-04-01 00:00:00', '111', '2017-04-01 00:00:00', '111');
INSERT INTO `salary_history` VALUES ('108', '9', '7500', null, '2017-05-01 00:00:00', '111', '2017-05-01 00:00:00', '111');
INSERT INTO `salary_history` VALUES ('109', '9', '4000', null, '2017-06-01 00:00:00', '111', '2017-06-01 00:00:00', '111');
INSERT INTO `salary_history` VALUES ('110', '9', '8500', null, '2017-07-01 00:00:00', '111', '2017-07-01 00:00:00', '111');
INSERT INTO `salary_history` VALUES ('111', '9', '7000', null, '2017-08-01 00:00:00', '111', '2017-08-01 00:00:00', '111');
INSERT INTO `salary_history` VALUES ('112', '9', '7500', null, '2017-09-01 00:00:00', '111', '2017-09-01 00:00:00', '111');
INSERT INTO `salary_history` VALUES ('113', '9', '6000', null, '2017-10-01 00:00:00', '111', '2017-10-01 00:00:00', '111');
INSERT INTO `salary_history` VALUES ('114', '9', '7500', null, '2017-11-01 00:00:00', '111', '2017-11-01 00:00:00', '111');
INSERT INTO `salary_history` VALUES ('115', '9', '13000', null, '2017-12-01 00:00:00', '111', '2017-12-01 00:00:00', '111');
INSERT INTO `salary_history` VALUES ('116', '10', '5500', null, '2017-01-01 00:00:00', '111', '2017-01-01 00:00:00', '111');
INSERT INTO `salary_history` VALUES ('117', '10', '6000', null, '2017-02-01 00:00:00', '111', '2017-02-01 00:00:00', '111');
INSERT INTO `salary_history` VALUES ('118', '10', '5500', null, '2017-03-01 00:00:00', '111', '2017-03-01 00:00:00', '111');
INSERT INTO `salary_history` VALUES ('119', '10', '3000', null, '2017-04-01 00:00:00', '111', '2017-04-01 00:00:00', '111');
INSERT INTO `salary_history` VALUES ('120', '10', '3500', null, '2017-05-01 00:00:00', '111', '2017-05-01 00:00:00', '111');
INSERT INTO `salary_history` VALUES ('121', '10', '5000', null, '2017-06-01 00:00:00', '111', '2017-06-01 00:00:00', '111');
INSERT INTO `salary_history` VALUES ('122', '10', '5500', null, '2017-07-01 00:00:00', '111', '2017-07-01 00:00:00', '111');
INSERT INTO `salary_history` VALUES ('123', '10', '12000', null, '2017-08-01 00:00:00', '111', '2017-08-01 00:00:00', '111');
INSERT INTO `salary_history` VALUES ('124', '10', '13500', null, '2017-09-01 00:00:00', '111', '2017-09-01 00:00:00', '111');
INSERT INTO `salary_history` VALUES ('125', '10', '10000', null, '2017-10-01 00:00:00', '111', '2017-10-01 00:00:00', '111');
INSERT INTO `salary_history` VALUES ('126', '10', '14500', null, '2017-11-01 00:00:00', '111', '2017-11-01 00:00:00', '111');
INSERT INTO `salary_history` VALUES ('127', '10', '8000', null, '2017-12-01 00:00:00', '111', '2017-12-01 00:00:00', '111');
INSERT INTO `salary_history` VALUES ('128', '11', '7500', null, '2017-01-01 00:00:00', '111', '2017-01-01 00:00:00', '111');
INSERT INTO `salary_history` VALUES ('129', '11', '4000', null, '2017-02-01 00:00:00', '111', '2017-02-01 00:00:00', '111');
INSERT INTO `salary_history` VALUES ('130', '11', '6500', null, '2017-03-01 00:00:00', '111', '2017-03-01 00:00:00', '111');
INSERT INTO `salary_history` VALUES ('131', '11', '7000', null, '2017-04-01 00:00:00', '111', '2017-04-01 00:00:00', '111');
INSERT INTO `salary_history` VALUES ('132', '11', '3500', null, '2017-05-01 00:00:00', '111', '2017-05-01 00:00:00', '111');
INSERT INTO `salary_history` VALUES ('133', '11', '6000', null, '2017-06-01 00:00:00', '111', '2017-06-01 00:00:00', '111');
INSERT INTO `salary_history` VALUES ('134', '11', '9500', null, '2017-07-01 00:00:00', '111', '2017-07-01 00:00:00', '111');
INSERT INTO `salary_history` VALUES ('135', '11', '11000', null, '2017-08-01 00:00:00', '111', '2017-08-01 00:00:00', '111');
INSERT INTO `salary_history` VALUES ('136', '11', '7500', null, '2017-09-01 00:00:00', '111', '2017-09-01 00:00:00', '111');
INSERT INTO `salary_history` VALUES ('137', '11', '9000', null, '2017-10-01 00:00:00', '111', '2017-10-01 00:00:00', '111');
INSERT INTO `salary_history` VALUES ('138', '11', '10500', null, '2017-11-01 00:00:00', '111', '2017-11-01 00:00:00', '111');
INSERT INTO `salary_history` VALUES ('139', '11', '11000', null, '2017-12-01 00:00:00', '111', '2017-12-01 00:00:00', '111');
INSERT INTO `salary_history` VALUES ('140', '12', '8500', null, '2017-01-01 00:00:00', '111', '2017-01-01 00:00:00', '111');
INSERT INTO `salary_history` VALUES ('141', '12', '8000', null, '2017-02-01 00:00:00', '111', '2017-02-01 00:00:00', '111');
INSERT INTO `salary_history` VALUES ('142', '12', '3500', null, '2017-03-01 00:00:00', '111', '2017-03-01 00:00:00', '111');
INSERT INTO `salary_history` VALUES ('143', '12', '7000', null, '2017-04-01 00:00:00', '111', '2017-04-01 00:00:00', '111');
INSERT INTO `salary_history` VALUES ('144', '12', '7500', null, '2017-05-01 00:00:00', '111', '2017-05-01 00:00:00', '111');
INSERT INTO `salary_history` VALUES ('145', '12', '6000', null, '2017-06-01 00:00:00', '111', '2017-06-01 00:00:00', '111');
INSERT INTO `salary_history` VALUES ('146', '12', '7500', null, '2017-07-01 00:00:00', '111', '2017-07-01 00:00:00', '111');
INSERT INTO `salary_history` VALUES ('147', '12', '6000', null, '2017-08-01 00:00:00', '111', '2017-08-01 00:00:00', '111');
INSERT INTO `salary_history` VALUES ('148', '12', '10500', null, '2017-09-01 00:00:00', '111', '2017-09-01 00:00:00', '111');
INSERT INTO `salary_history` VALUES ('149', '12', '11000', null, '2017-10-01 00:00:00', '111', '2017-10-01 00:00:00', '111');
INSERT INTO `salary_history` VALUES ('150', '12', '8500', null, '2017-11-01 00:00:00', '111', '2017-11-01 00:00:00', '111');
INSERT INTO `salary_history` VALUES ('151', '12', '8000', null, '2017-12-01 00:00:00', '111', '2017-12-01 00:00:00', '111');
INSERT INTO `salary_history` VALUES ('152', '13', '6500', null, '2017-01-01 00:00:00', '111', '2017-01-01 00:00:00', '111');
INSERT INTO `salary_history` VALUES ('153', '13', '2000', null, '2017-02-01 00:00:00', '111', '2017-02-01 00:00:00', '111');
INSERT INTO `salary_history` VALUES ('154', '13', '10500', null, '2017-03-01 00:00:00', '111', '2017-03-01 00:00:00', '111');
INSERT INTO `salary_history` VALUES ('155', '13', '11000', null, '2017-04-01 00:00:00', '111', '2017-04-01 00:00:00', '111');
INSERT INTO `salary_history` VALUES ('156', '13', '3500', null, '2017-05-01 00:00:00', '111', '2017-05-01 00:00:00', '111');
INSERT INTO `salary_history` VALUES ('157', '13', '4000', null, '2017-06-01 00:00:00', '111', '2017-06-01 00:00:00', '111');
INSERT INTO `salary_history` VALUES ('158', '13', '10500', null, '2017-07-01 00:00:00', '111', '2017-07-01 00:00:00', '111');
INSERT INTO `salary_history` VALUES ('159', '13', '9000', null, '2017-08-01 00:00:00', '111', '2017-08-01 00:00:00', '111');
INSERT INTO `salary_history` VALUES ('160', '13', '9500', null, '2017-09-01 00:00:00', '111', '2017-09-01 00:00:00', '111');
INSERT INTO `salary_history` VALUES ('161', '13', '10000', null, '2017-10-01 00:00:00', '111', '2017-10-01 00:00:00', '111');
INSERT INTO `salary_history` VALUES ('162', '13', '6500', null, '2017-11-01 00:00:00', '111', '2017-11-01 00:00:00', '111');
INSERT INTO `salary_history` VALUES ('163', '13', '7000', null, '2017-12-01 00:00:00', '111', '2017-12-01 00:00:00', '111');
INSERT INTO `salary_history` VALUES ('164', '14', '9500', null, '2017-01-01 00:00:00', '111', '2017-01-01 00:00:00', '111');
INSERT INTO `salary_history` VALUES ('165', '14', '5000', null, '2017-02-01 00:00:00', '111', '2017-02-01 00:00:00', '111');
INSERT INTO `salary_history` VALUES ('166', '14', '10500', null, '2017-03-01 00:00:00', '111', '2017-03-01 00:00:00', '111');
INSERT INTO `salary_history` VALUES ('167', '14', '3000', null, '2017-04-01 00:00:00', '111', '2017-04-01 00:00:00', '111');
INSERT INTO `salary_history` VALUES ('168', '14', '9500', null, '2017-05-01 00:00:00', '111', '2017-05-01 00:00:00', '111');
INSERT INTO `salary_history` VALUES ('169', '14', '5000', null, '2017-06-01 00:00:00', '111', '2017-06-01 00:00:00', '111');
INSERT INTO `salary_history` VALUES ('170', '14', '10500', null, '2017-07-01 00:00:00', '111', '2017-07-01 00:00:00', '111');
INSERT INTO `salary_history` VALUES ('171', '14', '11000', null, '2017-08-01 00:00:00', '111', '2017-08-01 00:00:00', '111');
INSERT INTO `salary_history` VALUES ('172', '14', '7500', null, '2017-09-01 00:00:00', '111', '2017-09-01 00:00:00', '111');
INSERT INTO `salary_history` VALUES ('173', '14', '7000', null, '2017-10-01 00:00:00', '111', '2017-10-01 00:00:00', '111');
INSERT INTO `salary_history` VALUES ('174', '14', '7500', null, '2017-11-01 00:00:00', '111', '2017-11-01 00:00:00', '111');
INSERT INTO `salary_history` VALUES ('175', '14', '8000', null, '2017-12-01 00:00:00', '111', '2017-12-01 00:00:00', '111');
INSERT INTO `salary_history` VALUES ('176', '15', '5500', null, '2017-01-01 00:00:00', '111', '2017-01-01 00:00:00', '111');
INSERT INTO `salary_history` VALUES ('177', '15', '6000', null, '2017-02-01 00:00:00', '111', '2017-02-01 00:00:00', '111');
INSERT INTO `salary_history` VALUES ('178', '15', '6500', null, '2017-03-01 00:00:00', '111', '2017-03-01 00:00:00', '111');
INSERT INTO `salary_history` VALUES ('179', '15', '11000', null, '2017-04-01 00:00:00', '111', '2017-04-01 00:00:00', '111');
INSERT INTO `salary_history` VALUES ('180', '15', '7500', null, '2017-05-01 00:00:00', '111', '2017-05-01 00:00:00', '111');
INSERT INTO `salary_history` VALUES ('181', '15', '11000', null, '2017-06-01 00:00:00', '111', '2017-06-01 00:00:00', '111');
INSERT INTO `salary_history` VALUES ('182', '15', '5500', null, '2017-07-01 00:00:00', '111', '2017-07-01 00:00:00', '111');
INSERT INTO `salary_history` VALUES ('183', '15', '9000', null, '2017-08-01 00:00:00', '111', '2017-08-01 00:00:00', '111');
INSERT INTO `salary_history` VALUES ('184', '15', '7500', null, '2017-09-01 00:00:00', '111', '2017-09-01 00:00:00', '111');
INSERT INTO `salary_history` VALUES ('185', '15', '6000', null, '2017-10-01 00:00:00', '111', '2017-10-01 00:00:00', '111');
INSERT INTO `salary_history` VALUES ('186', '15', '10500', null, '2017-11-01 00:00:00', '111', '2017-11-01 00:00:00', '111');
INSERT INTO `salary_history` VALUES ('187', '15', '10000', null, '2017-12-01 00:00:00', '111', '2017-12-01 00:00:00', '111');
INSERT INTO `salary_history` VALUES ('188', '16', '2500', null, '2017-01-01 00:00:00', '111', '2017-01-01 00:00:00', '111');
INSERT INTO `salary_history` VALUES ('189', '16', '2000', null, '2017-02-01 00:00:00', '111', '2017-02-01 00:00:00', '111');
INSERT INTO `salary_history` VALUES ('190', '16', '3500', null, '2017-03-01 00:00:00', '111', '2017-03-01 00:00:00', '111');
INSERT INTO `salary_history` VALUES ('191', '16', '10000', null, '2017-04-01 00:00:00', '111', '2017-04-01 00:00:00', '111');
INSERT INTO `salary_history` VALUES ('192', '16', '9500', null, '2017-05-01 00:00:00', '111', '2017-05-01 00:00:00', '111');
INSERT INTO `salary_history` VALUES ('193', '16', '6000', null, '2017-06-01 00:00:00', '111', '2017-06-01 00:00:00', '111');
INSERT INTO `salary_history` VALUES ('194', '16', '5500', null, '2017-07-01 00:00:00', '111', '2017-07-01 00:00:00', '111');
INSERT INTO `salary_history` VALUES ('195', '16', '7000', null, '2017-08-01 00:00:00', '111', '2017-08-01 00:00:00', '111');
INSERT INTO `salary_history` VALUES ('196', '16', '11500', null, '2017-09-01 00:00:00', '111', '2017-09-01 00:00:00', '111');
INSERT INTO `salary_history` VALUES ('197', '16', '9000', null, '2017-10-01 00:00:00', '111', '2017-10-01 00:00:00', '111');
INSERT INTO `salary_history` VALUES ('198', '16', '10500', null, '2017-11-01 00:00:00', '111', '2017-11-01 00:00:00', '111');
INSERT INTO `salary_history` VALUES ('199', '16', '12000', null, '2017-12-01 00:00:00', '111', '2017-12-01 00:00:00', '111');
INSERT INTO `salary_history` VALUES ('200', '17', '1500', null, '2017-01-01 00:00:00', '111', '2017-01-01 00:00:00', '111');
INSERT INTO `salary_history` VALUES ('201', '17', '6000', null, '2017-02-01 00:00:00', '111', '2017-02-01 00:00:00', '111');
INSERT INTO `salary_history` VALUES ('202', '17', '4500', null, '2017-03-01 00:00:00', '111', '2017-03-01 00:00:00', '111');
INSERT INTO `salary_history` VALUES ('203', '17', '6000', null, '2017-04-01 00:00:00', '111', '2017-04-01 00:00:00', '111');
INSERT INTO `salary_history` VALUES ('204', '17', '5500', null, '2017-05-01 00:00:00', '111', '2017-05-01 00:00:00', '111');
INSERT INTO `salary_history` VALUES ('205', '17', '4000', null, '2017-06-01 00:00:00', '111', '2017-06-01 00:00:00', '111');
INSERT INTO `salary_history` VALUES ('206', '17', '8500', null, '2017-07-01 00:00:00', '111', '2017-07-01 00:00:00', '111');
INSERT INTO `salary_history` VALUES ('207', '17', '7000', null, '2017-08-01 00:00:00', '111', '2017-08-01 00:00:00', '111');
INSERT INTO `salary_history` VALUES ('208', '17', '9500', null, '2017-09-01 00:00:00', '111', '2017-09-01 00:00:00', '111');
INSERT INTO `salary_history` VALUES ('209', '17', '13000', null, '2017-10-01 00:00:00', '111', '2017-10-01 00:00:00', '111');
INSERT INTO `salary_history` VALUES ('210', '17', '14500', null, '2017-11-01 00:00:00', '111', '2017-11-01 00:00:00', '111');
INSERT INTO `salary_history` VALUES ('211', '17', '15000', null, '2017-12-01 00:00:00', '111', '2017-12-01 00:00:00', '111');
INSERT INTO `salary_history` VALUES ('212', '18', '6500', null, '2017-01-01 00:00:00', '111', '2017-01-01 00:00:00', '111');
INSERT INTO `salary_history` VALUES ('213', '18', '7000', null, '2017-02-01 00:00:00', '111', '2017-02-01 00:00:00', '111');
INSERT INTO `salary_history` VALUES ('214', '18', '2500', null, '2017-03-01 00:00:00', '111', '2017-03-01 00:00:00', '111');
INSERT INTO `salary_history` VALUES ('215', '18', '7000', null, '2017-04-01 00:00:00', '111', '2017-04-01 00:00:00', '111');
INSERT INTO `salary_history` VALUES ('216', '18', '3500', null, '2017-05-01 00:00:00', '111', '2017-05-01 00:00:00', '111');
INSERT INTO `salary_history` VALUES ('217', '18', '10000', null, '2017-06-01 00:00:00', '111', '2017-06-01 00:00:00', '111');
INSERT INTO `salary_history` VALUES ('218', '18', '6500', null, '2017-07-01 00:00:00', '111', '2017-07-01 00:00:00', '111');
INSERT INTO `salary_history` VALUES ('219', '18', '13000', null, '2017-08-01 00:00:00', '111', '2017-08-01 00:00:00', '111');
INSERT INTO `salary_history` VALUES ('220', '18', '11500', null, '2017-09-01 00:00:00', '111', '2017-09-01 00:00:00', '111');
INSERT INTO `salary_history` VALUES ('221', '18', '11000', null, '2017-10-01 00:00:00', '111', '2017-10-01 00:00:00', '111');
INSERT INTO `salary_history` VALUES ('222', '18', '8500', null, '2017-11-01 00:00:00', '111', '2017-11-01 00:00:00', '111');
INSERT INTO `salary_history` VALUES ('223', '18', '8000', null, '2017-12-01 00:00:00', '111', '2017-12-01 00:00:00', '111');
INSERT INTO `salary_history` VALUES ('224', '19', '4500', null, '2017-01-01 00:00:00', '111', '2017-01-01 00:00:00', '111');
INSERT INTO `salary_history` VALUES ('225', '19', '6000', null, '2017-02-01 00:00:00', '111', '2017-02-01 00:00:00', '111');
INSERT INTO `salary_history` VALUES ('226', '19', '3500', null, '2017-03-01 00:00:00', '111', '2017-03-01 00:00:00', '111');
INSERT INTO `salary_history` VALUES ('227', '19', '6000', null, '2017-04-01 00:00:00', '111', '2017-04-01 00:00:00', '111');
INSERT INTO `salary_history` VALUES ('228', '19', '3500', null, '2017-05-01 00:00:00', '111', '2017-05-01 00:00:00', '111');
INSERT INTO `salary_history` VALUES ('229', '19', '8000', null, '2017-06-01 00:00:00', '111', '2017-06-01 00:00:00', '111');
INSERT INTO `salary_history` VALUES ('230', '19', '7500', null, '2017-07-01 00:00:00', '111', '2017-07-01 00:00:00', '111');
INSERT INTO `salary_history` VALUES ('231', '19', '9000', null, '2017-08-01 00:00:00', '111', '2017-08-01 00:00:00', '111');
INSERT INTO `salary_history` VALUES ('232', '19', '12500', null, '2017-09-01 00:00:00', '111', '2017-09-01 00:00:00', '111');
INSERT INTO `salary_history` VALUES ('233', '19', '8000', null, '2017-10-01 00:00:00', '111', '2017-10-01 00:00:00', '111');
INSERT INTO `salary_history` VALUES ('234', '19', '7500', null, '2017-11-01 00:00:00', '111', '2017-11-01 00:00:00', '111');
INSERT INTO `salary_history` VALUES ('235', '19', '11000', null, '2017-12-01 00:00:00', '111', '2017-12-01 00:00:00', '111');
INSERT INTO `salary_history` VALUES ('236', '20', '1500', null, '2017-01-01 00:00:00', '111', '2017-01-01 00:00:00', '111');
INSERT INTO `salary_history` VALUES ('237', '20', '2000', null, '2017-02-01 00:00:00', '111', '2017-02-01 00:00:00', '111');
INSERT INTO `salary_history` VALUES ('238', '20', '4500', null, '2017-03-01 00:00:00', '111', '2017-03-01 00:00:00', '111');
INSERT INTO `salary_history` VALUES ('239', '20', '5000', null, '2017-04-01 00:00:00', '111', '2017-04-01 00:00:00', '111');
INSERT INTO `salary_history` VALUES ('240', '20', '4500', null, '2017-05-01 00:00:00', '111', '2017-05-01 00:00:00', '111');
INSERT INTO `salary_history` VALUES ('241', '20', '11000', null, '2017-06-01 00:00:00', '111', '2017-06-01 00:00:00', '111');
INSERT INTO `salary_history` VALUES ('242', '20', '6500', null, '2017-07-01 00:00:00', '111', '2017-07-01 00:00:00', '111');
INSERT INTO `salary_history` VALUES ('243', '20', '6000', null, '2017-08-01 00:00:00', '111', '2017-08-01 00:00:00', '111');
INSERT INTO `salary_history` VALUES ('244', '20', '13500', null, '2017-09-01 00:00:00', '111', '2017-09-01 00:00:00', '111');
INSERT INTO `salary_history` VALUES ('245', '20', '10000', null, '2017-10-01 00:00:00', '111', '2017-10-01 00:00:00', '111');
INSERT INTO `salary_history` VALUES ('246', '20', '12500', null, '2017-11-01 00:00:00', '111', '2017-11-01 00:00:00', '111');
INSERT INTO `salary_history` VALUES ('247', '20', '12000', null, '2017-12-01 00:00:00', '111', '2017-12-01 00:00:00', '111');
INSERT INTO `salary_history` VALUES ('248', '21', '1500', null, '2017-01-01 00:00:00', '111', '2017-01-01 00:00:00', '111');
INSERT INTO `salary_history` VALUES ('249', '21', '4000', null, '2017-02-01 00:00:00', '111', '2017-02-01 00:00:00', '111');
INSERT INTO `salary_history` VALUES ('250', '21', '2500', null, '2017-03-01 00:00:00', '111', '2017-03-01 00:00:00', '111');
INSERT INTO `salary_history` VALUES ('251', '21', '6000', null, '2017-04-01 00:00:00', '111', '2017-04-01 00:00:00', '111');
INSERT INTO `salary_history` VALUES ('252', '21', '5500', null, '2017-05-01 00:00:00', '111', '2017-05-01 00:00:00', '111');
INSERT INTO `salary_history` VALUES ('253', '21', '8000', null, '2017-06-01 00:00:00', '111', '2017-06-01 00:00:00', '111');
INSERT INTO `salary_history` VALUES ('254', '21', '8500', null, '2017-07-01 00:00:00', '111', '2017-07-01 00:00:00', '111');
INSERT INTO `salary_history` VALUES ('255', '21', '9000', null, '2017-08-01 00:00:00', '111', '2017-08-01 00:00:00', '111');
INSERT INTO `salary_history` VALUES ('256', '21', '6500', null, '2017-09-01 00:00:00', '111', '2017-09-01 00:00:00', '111');
INSERT INTO `salary_history` VALUES ('257', '21', '10000', null, '2017-10-01 00:00:00', '111', '2017-10-01 00:00:00', '111');
INSERT INTO `salary_history` VALUES ('258', '21', '7500', null, '2017-11-01 00:00:00', '111', '2017-11-01 00:00:00', '111');
INSERT INTO `salary_history` VALUES ('259', '21', '10000', null, '2017-12-01 00:00:00', '111', '2017-12-01 00:00:00', '111');
INSERT INTO `salary_history` VALUES ('260', '22', '5500', null, '2017-01-01 00:00:00', '111', '2017-01-01 00:00:00', '111');
INSERT INTO `salary_history` VALUES ('261', '22', '8000', null, '2017-02-01 00:00:00', '111', '2017-02-01 00:00:00', '111');
INSERT INTO `salary_history` VALUES ('262', '22', '7500', null, '2017-03-01 00:00:00', '111', '2017-03-01 00:00:00', '111');
INSERT INTO `salary_history` VALUES ('263', '22', '11000', null, '2017-04-01 00:00:00', '111', '2017-04-01 00:00:00', '111');
INSERT INTO `salary_history` VALUES ('264', '22', '10500', null, '2017-05-01 00:00:00', '111', '2017-05-01 00:00:00', '111');
INSERT INTO `salary_history` VALUES ('265', '22', '12000', null, '2017-06-01 00:00:00', '111', '2017-06-01 00:00:00', '111');
INSERT INTO `salary_history` VALUES ('266', '22', '5500', null, '2017-07-01 00:00:00', '111', '2017-07-01 00:00:00', '111');
INSERT INTO `salary_history` VALUES ('267', '22', '9000', null, '2017-08-01 00:00:00', '111', '2017-08-01 00:00:00', '111');
INSERT INTO `salary_history` VALUES ('268', '22', '8500', null, '2017-09-01 00:00:00', '111', '2017-09-01 00:00:00', '111');
INSERT INTO `salary_history` VALUES ('269', '22', '13000', null, '2017-10-01 00:00:00', '111', '2017-10-01 00:00:00', '111');
INSERT INTO `salary_history` VALUES ('270', '22', '10500', null, '2017-11-01 00:00:00', '111', '2017-11-01 00:00:00', '111');
INSERT INTO `salary_history` VALUES ('271', '22', '8000', null, '2017-12-01 00:00:00', '111', '2017-12-01 00:00:00', '111');
INSERT INTO `salary_history` VALUES ('272', '23', '6500', null, '2017-01-01 00:00:00', '111', '2017-01-01 00:00:00', '111');
INSERT INTO `salary_history` VALUES ('273', '23', '2000', null, '2017-02-01 00:00:00', '111', '2017-02-01 00:00:00', '111');
INSERT INTO `salary_history` VALUES ('274', '23', '3500', null, '2017-03-01 00:00:00', '111', '2017-03-01 00:00:00', '111');
INSERT INTO `salary_history` VALUES ('275', '23', '5000', null, '2017-04-01 00:00:00', '111', '2017-04-01 00:00:00', '111');
INSERT INTO `salary_history` VALUES ('276', '23', '10500', null, '2017-05-01 00:00:00', '111', '2017-05-01 00:00:00', '111');
INSERT INTO `salary_history` VALUES ('277', '23', '5000', null, '2017-06-01 00:00:00', '111', '2017-06-01 00:00:00', '111');
INSERT INTO `salary_history` VALUES ('278', '23', '6500', null, '2017-07-01 00:00:00', '111', '2017-07-01 00:00:00', '111');
INSERT INTO `salary_history` VALUES ('279', '23', '5000', null, '2017-08-01 00:00:00', '111', '2017-08-01 00:00:00', '111');
INSERT INTO `salary_history` VALUES ('280', '23', '12500', null, '2017-09-01 00:00:00', '111', '2017-09-01 00:00:00', '111');
INSERT INTO `salary_history` VALUES ('281', '23', '7000', null, '2017-10-01 00:00:00', '111', '2017-10-01 00:00:00', '111');
INSERT INTO `salary_history` VALUES ('282', '23', '8500', null, '2017-11-01 00:00:00', '111', '2017-11-01 00:00:00', '111');
INSERT INTO `salary_history` VALUES ('283', '23', '11000', null, '2017-12-01 00:00:00', '111', '2017-12-01 00:00:00', '111');
INSERT INTO `salary_history` VALUES ('284', '24', '6500', null, '2017-01-01 00:00:00', '111', '2017-01-01 00:00:00', '111');
INSERT INTO `salary_history` VALUES ('285', '24', '3000', null, '2017-02-01 00:00:00', '111', '2017-02-01 00:00:00', '111');
INSERT INTO `salary_history` VALUES ('286', '24', '6500', null, '2017-03-01 00:00:00', '111', '2017-03-01 00:00:00', '111');
INSERT INTO `salary_history` VALUES ('287', '24', '5000', null, '2017-04-01 00:00:00', '111', '2017-04-01 00:00:00', '111');
INSERT INTO `salary_history` VALUES ('288', '24', '4500', null, '2017-05-01 00:00:00', '111', '2017-05-01 00:00:00', '111');
INSERT INTO `salary_history` VALUES ('289', '24', '4000', null, '2017-06-01 00:00:00', '111', '2017-06-01 00:00:00', '111');
INSERT INTO `salary_history` VALUES ('290', '24', '11500', null, '2017-07-01 00:00:00', '111', '2017-07-01 00:00:00', '111');
INSERT INTO `salary_history` VALUES ('291', '24', '13000', null, '2017-08-01 00:00:00', '111', '2017-08-01 00:00:00', '111');
INSERT INTO `salary_history` VALUES ('292', '24', '8500', null, '2017-09-01 00:00:00', '111', '2017-09-01 00:00:00', '111');
INSERT INTO `salary_history` VALUES ('293', '24', '14000', null, '2017-10-01 00:00:00', '111', '2017-10-01 00:00:00', '111');
INSERT INTO `salary_history` VALUES ('294', '24', '7500', null, '2017-11-01 00:00:00', '111', '2017-11-01 00:00:00', '111');
INSERT INTO `salary_history` VALUES ('295', '24', '10000', null, '2017-12-01 00:00:00', '111', '2017-12-01 00:00:00', '111');
INSERT INTO `salary_history` VALUES ('296', '25', '9500', null, '2017-01-01 00:00:00', '111', '2017-01-01 00:00:00', '111');
INSERT INTO `salary_history` VALUES ('297', '25', '3000', null, '2017-02-01 00:00:00', '111', '2017-02-01 00:00:00', '111');
INSERT INTO `salary_history` VALUES ('298', '25', '2500', null, '2017-03-01 00:00:00', '111', '2017-03-01 00:00:00', '111');
INSERT INTO `salary_history` VALUES ('299', '25', '11000', null, '2017-04-01 00:00:00', '111', '2017-04-01 00:00:00', '111');
INSERT INTO `salary_history` VALUES ('300', '25', '11500', null, '2017-05-01 00:00:00', '111', '2017-05-01 00:00:00', '111');
INSERT INTO `salary_history` VALUES ('301', '25', '6000', null, '2017-06-01 00:00:00', '111', '2017-06-01 00:00:00', '111');
INSERT INTO `salary_history` VALUES ('302', '25', '7500', null, '2017-07-01 00:00:00', '111', '2017-07-01 00:00:00', '111');
INSERT INTO `salary_history` VALUES ('303', '25', '9000', null, '2017-08-01 00:00:00', '111', '2017-08-01 00:00:00', '111');
INSERT INTO `salary_history` VALUES ('304', '25', '12500', null, '2017-09-01 00:00:00', '111', '2017-09-01 00:00:00', '111');
INSERT INTO `salary_history` VALUES ('305', '25', '6000', null, '2017-10-01 00:00:00', '111', '2017-10-01 00:00:00', '111');
INSERT INTO `salary_history` VALUES ('306', '25', '12500', null, '2017-11-01 00:00:00', '111', '2017-11-01 00:00:00', '111');
INSERT INTO `salary_history` VALUES ('307', '25', '9000', null, '2017-12-01 00:00:00', '111', '2017-12-01 00:00:00', '111');
INSERT INTO `salary_history` VALUES ('308', '26', '3500', null, '2017-01-01 00:00:00', '111', '2017-01-01 00:00:00', '111');
INSERT INTO `salary_history` VALUES ('309', '26', '9000', null, '2017-02-01 00:00:00', '111', '2017-02-01 00:00:00', '111');
INSERT INTO `salary_history` VALUES ('310', '26', '2500', null, '2017-03-01 00:00:00', '111', '2017-03-01 00:00:00', '111');
INSERT INTO `salary_history` VALUES ('311', '26', '11000', null, '2017-04-01 00:00:00', '111', '2017-04-01 00:00:00', '111');
INSERT INTO `salary_history` VALUES ('312', '26', '6500', null, '2017-05-01 00:00:00', '111', '2017-05-01 00:00:00', '111');
INSERT INTO `salary_history` VALUES ('313', '26', '10000', null, '2017-06-01 00:00:00', '111', '2017-06-01 00:00:00', '111');
INSERT INTO `salary_history` VALUES ('314', '26', '8500', null, '2017-07-01 00:00:00', '111', '2017-07-01 00:00:00', '111');
INSERT INTO `salary_history` VALUES ('315', '26', '7000', null, '2017-08-01 00:00:00', '111', '2017-08-01 00:00:00', '111');
INSERT INTO `salary_history` VALUES ('316', '26', '8500', null, '2017-09-01 00:00:00', '111', '2017-09-01 00:00:00', '111');
INSERT INTO `salary_history` VALUES ('317', '26', '9000', null, '2017-10-01 00:00:00', '111', '2017-10-01 00:00:00', '111');
INSERT INTO `salary_history` VALUES ('318', '26', '9500', null, '2017-11-01 00:00:00', '111', '2017-11-01 00:00:00', '111');
INSERT INTO `salary_history` VALUES ('319', '26', '9000', null, '2017-12-01 00:00:00', '111', '2017-12-01 00:00:00', '111');
INSERT INTO `salary_history` VALUES ('320', '27', '3500', null, '2017-01-01 00:00:00', '111', '2017-01-01 00:00:00', '111');
INSERT INTO `salary_history` VALUES ('321', '27', '3000', null, '2017-02-01 00:00:00', '111', '2017-02-01 00:00:00', '111');
INSERT INTO `salary_history` VALUES ('322', '27', '2500', null, '2017-03-01 00:00:00', '111', '2017-03-01 00:00:00', '111');
INSERT INTO `salary_history` VALUES ('323', '27', '7000', null, '2017-04-01 00:00:00', '111', '2017-04-01 00:00:00', '111');
INSERT INTO `salary_history` VALUES ('324', '27', '7500', null, '2017-05-01 00:00:00', '111', '2017-05-01 00:00:00', '111');
INSERT INTO `salary_history` VALUES ('325', '27', '5000', null, '2017-06-01 00:00:00', '111', '2017-06-01 00:00:00', '111');
INSERT INTO `salary_history` VALUES ('326', '27', '12500', null, '2017-07-01 00:00:00', '111', '2017-07-01 00:00:00', '111');
INSERT INTO `salary_history` VALUES ('327', '27', '9000', null, '2017-08-01 00:00:00', '111', '2017-08-01 00:00:00', '111');
INSERT INTO `salary_history` VALUES ('328', '27', '8500', null, '2017-09-01 00:00:00', '111', '2017-09-01 00:00:00', '111');
INSERT INTO `salary_history` VALUES ('329', '27', '7000', null, '2017-10-01 00:00:00', '111', '2017-10-01 00:00:00', '111');
INSERT INTO `salary_history` VALUES ('330', '27', '6500', null, '2017-11-01 00:00:00', '111', '2017-11-01 00:00:00', '111');
INSERT INTO `salary_history` VALUES ('331', '27', '11000', null, '2017-12-01 00:00:00', '111', '2017-12-01 00:00:00', '111');
INSERT INTO `salary_history` VALUES ('332', '28', '7500', null, '2017-01-01 00:00:00', '111', '2017-01-01 00:00:00', '111');
INSERT INTO `salary_history` VALUES ('333', '28', '7000', null, '2017-02-01 00:00:00', '111', '2017-02-01 00:00:00', '111');
INSERT INTO `salary_history` VALUES ('334', '28', '6500', null, '2017-03-01 00:00:00', '111', '2017-03-01 00:00:00', '111');
INSERT INTO `salary_history` VALUES ('335', '28', '10000', null, '2017-04-01 00:00:00', '111', '2017-04-01 00:00:00', '111');
INSERT INTO `salary_history` VALUES ('336', '28', '3500', null, '2017-05-01 00:00:00', '111', '2017-05-01 00:00:00', '111');
INSERT INTO `salary_history` VALUES ('337', '28', '5000', null, '2017-06-01 00:00:00', '111', '2017-06-01 00:00:00', '111');
INSERT INTO `salary_history` VALUES ('338', '28', '4500', null, '2017-07-01 00:00:00', '111', '2017-07-01 00:00:00', '111');
INSERT INTO `salary_history` VALUES ('339', '28', '6000', null, '2017-08-01 00:00:00', '111', '2017-08-01 00:00:00', '111');
INSERT INTO `salary_history` VALUES ('340', '28', '6500', null, '2017-09-01 00:00:00', '111', '2017-09-01 00:00:00', '111');
INSERT INTO `salary_history` VALUES ('341', '28', '10000', null, '2017-10-01 00:00:00', '111', '2017-10-01 00:00:00', '111');
INSERT INTO `salary_history` VALUES ('342', '28', '10500', null, '2017-11-01 00:00:00', '111', '2017-11-01 00:00:00', '111');
INSERT INTO `salary_history` VALUES ('343', '28', '11000', null, '2017-12-01 00:00:00', '111', '2017-12-01 00:00:00', '111');
INSERT INTO `salary_history` VALUES ('344', '29', '4500', null, '2017-01-01 00:00:00', '111', '2017-01-01 00:00:00', '111');
INSERT INTO `salary_history` VALUES ('345', '29', '9000', null, '2017-02-01 00:00:00', '111', '2017-02-01 00:00:00', '111');
INSERT INTO `salary_history` VALUES ('346', '29', '10500', null, '2017-03-01 00:00:00', '111', '2017-03-01 00:00:00', '111');
INSERT INTO `salary_history` VALUES ('347', '29', '3000', null, '2017-04-01 00:00:00', '111', '2017-04-01 00:00:00', '111');
INSERT INTO `salary_history` VALUES ('348', '29', '6500', null, '2017-05-01 00:00:00', '111', '2017-05-01 00:00:00', '111');
INSERT INTO `salary_history` VALUES ('349', '29', '7000', null, '2017-06-01 00:00:00', '111', '2017-06-01 00:00:00', '111');
INSERT INTO `salary_history` VALUES ('350', '29', '4500', null, '2017-07-01 00:00:00', '111', '2017-07-01 00:00:00', '111');
INSERT INTO `salary_history` VALUES ('351', '29', '9000', null, '2017-08-01 00:00:00', '111', '2017-08-01 00:00:00', '111');
INSERT INTO `salary_history` VALUES ('352', '29', '5500', null, '2017-09-01 00:00:00', '111', '2017-09-01 00:00:00', '111');
INSERT INTO `salary_history` VALUES ('353', '29', '9000', null, '2017-10-01 00:00:00', '111', '2017-10-01 00:00:00', '111');
INSERT INTO `salary_history` VALUES ('354', '29', '7500', null, '2017-11-01 00:00:00', '111', '2017-11-01 00:00:00', '111');
INSERT INTO `salary_history` VALUES ('355', '29', '9000', null, '2017-12-01 00:00:00', '111', '2017-12-01 00:00:00', '111');
INSERT INTO `salary_history` VALUES ('356', '30', '2500', null, '2017-01-01 00:00:00', '111', '2017-01-01 00:00:00', '111');
INSERT INTO `salary_history` VALUES ('357', '30', '9000', null, '2017-02-01 00:00:00', '111', '2017-02-01 00:00:00', '111');
INSERT INTO `salary_history` VALUES ('358', '30', '8500', null, '2017-03-01 00:00:00', '111', '2017-03-01 00:00:00', '111');
INSERT INTO `salary_history` VALUES ('359', '30', '3000', null, '2017-04-01 00:00:00', '111', '2017-04-01 00:00:00', '111');
INSERT INTO `salary_history` VALUES ('360', '30', '11500', null, '2017-05-01 00:00:00', '111', '2017-05-01 00:00:00', '111');
INSERT INTO `salary_history` VALUES ('361', '30', '8000', null, '2017-06-01 00:00:00', '111', '2017-06-01 00:00:00', '111');
INSERT INTO `salary_history` VALUES ('362', '30', '4500', null, '2017-07-01 00:00:00', '111', '2017-07-01 00:00:00', '111');
INSERT INTO `salary_history` VALUES ('363', '30', '9000', null, '2017-08-01 00:00:00', '111', '2017-08-01 00:00:00', '111');
INSERT INTO `salary_history` VALUES ('364', '30', '9500', null, '2017-09-01 00:00:00', '111', '2017-09-01 00:00:00', '111');
INSERT INTO `salary_history` VALUES ('365', '30', '10000', null, '2017-10-01 00:00:00', '111', '2017-10-01 00:00:00', '111');
INSERT INTO `salary_history` VALUES ('366', '30', '12500', null, '2017-11-01 00:00:00', '111', '2017-11-01 00:00:00', '111');
INSERT INTO `salary_history` VALUES ('367', '30', '7000', null, '2017-12-01 00:00:00', '111', '2017-12-01 00:00:00', '111');
INSERT INTO `salary_history` VALUES ('368', '31', '9500', null, '2017-01-01 00:00:00', '111', '2017-01-01 00:00:00', '111');
INSERT INTO `salary_history` VALUES ('369', '31', '2000', null, '2017-02-01 00:00:00', '111', '2017-02-01 00:00:00', '111');
INSERT INTO `salary_history` VALUES ('370', '31', '4500', null, '2017-03-01 00:00:00', '111', '2017-03-01 00:00:00', '111');
INSERT INTO `salary_history` VALUES ('371', '31', '3000', null, '2017-04-01 00:00:00', '111', '2017-04-01 00:00:00', '111');
INSERT INTO `salary_history` VALUES ('372', '31', '7500', null, '2017-05-01 00:00:00', '111', '2017-05-01 00:00:00', '111');
INSERT INTO `salary_history` VALUES ('373', '31', '8000', null, '2017-06-01 00:00:00', '111', '2017-06-01 00:00:00', '111');
INSERT INTO `salary_history` VALUES ('374', '31', '4500', null, '2017-07-01 00:00:00', '111', '2017-07-01 00:00:00', '111');
INSERT INTO `salary_history` VALUES ('375', '31', '9000', null, '2017-08-01 00:00:00', '111', '2017-08-01 00:00:00', '111');
INSERT INTO `salary_history` VALUES ('376', '31', '5500', null, '2017-09-01 00:00:00', '111', '2017-09-01 00:00:00', '111');
INSERT INTO `salary_history` VALUES ('377', '31', '7000', null, '2017-10-01 00:00:00', '111', '2017-10-01 00:00:00', '111');
INSERT INTO `salary_history` VALUES ('378', '31', '13500', null, '2017-11-01 00:00:00', '111', '2017-11-01 00:00:00', '111');
INSERT INTO `salary_history` VALUES ('379', '31', '7000', null, '2017-12-01 00:00:00', '111', '2017-12-01 00:00:00', '111');
INSERT INTO `salary_history` VALUES ('380', '32', '3500', null, '2017-01-01 00:00:00', '111', '2017-01-01 00:00:00', '111');
INSERT INTO `salary_history` VALUES ('381', '32', '7000', null, '2017-02-01 00:00:00', '111', '2017-02-01 00:00:00', '111');
INSERT INTO `salary_history` VALUES ('382', '32', '5500', null, '2017-03-01 00:00:00', '111', '2017-03-01 00:00:00', '111');
INSERT INTO `salary_history` VALUES ('383', '32', '8000', null, '2017-04-01 00:00:00', '111', '2017-04-01 00:00:00', '111');
INSERT INTO `salary_history` VALUES ('384', '32', '10500', null, '2017-05-01 00:00:00', '111', '2017-05-01 00:00:00', '111');
INSERT INTO `salary_history` VALUES ('385', '32', '10000', null, '2017-06-01 00:00:00', '111', '2017-06-01 00:00:00', '111');
INSERT INTO `salary_history` VALUES ('386', '32', '8500', null, '2017-07-01 00:00:00', '111', '2017-07-01 00:00:00', '111');
INSERT INTO `salary_history` VALUES ('387', '32', '11000', null, '2017-08-01 00:00:00', '111', '2017-08-01 00:00:00', '111');
INSERT INTO `salary_history` VALUES ('388', '32', '7500', null, '2017-09-01 00:00:00', '111', '2017-09-01 00:00:00', '111');
INSERT INTO `salary_history` VALUES ('389', '32', '11000', null, '2017-10-01 00:00:00', '111', '2017-10-01 00:00:00', '111');
INSERT INTO `salary_history` VALUES ('390', '32', '7500', null, '2017-11-01 00:00:00', '111', '2017-11-01 00:00:00', '111');
INSERT INTO `salary_history` VALUES ('391', '32', '9000', null, '2017-12-01 00:00:00', '111', '2017-12-01 00:00:00', '111');
INSERT INTO `salary_history` VALUES ('392', '33', '8500', null, '2017-01-01 00:00:00', '111', '2017-01-01 00:00:00', '111');
INSERT INTO `salary_history` VALUES ('393', '33', '7000', null, '2017-02-01 00:00:00', '111', '2017-02-01 00:00:00', '111');
INSERT INTO `salary_history` VALUES ('394', '33', '7500', null, '2017-03-01 00:00:00', '111', '2017-03-01 00:00:00', '111');
INSERT INTO `salary_history` VALUES ('395', '33', '5000', null, '2017-04-01 00:00:00', '111', '2017-04-01 00:00:00', '111');
INSERT INTO `salary_history` VALUES ('396', '33', '5500', null, '2017-05-01 00:00:00', '111', '2017-05-01 00:00:00', '111');
INSERT INTO `salary_history` VALUES ('397', '33', '7000', null, '2017-06-01 00:00:00', '111', '2017-06-01 00:00:00', '111');
INSERT INTO `salary_history` VALUES ('398', '33', '7500', null, '2017-07-01 00:00:00', '111', '2017-07-01 00:00:00', '111');
INSERT INTO `salary_history` VALUES ('399', '33', '9000', null, '2017-08-01 00:00:00', '111', '2017-08-01 00:00:00', '111');
INSERT INTO `salary_history` VALUES ('400', '33', '8500', null, '2017-09-01 00:00:00', '111', '2017-09-01 00:00:00', '111');
INSERT INTO `salary_history` VALUES ('401', '33', '9000', null, '2017-10-01 00:00:00', '111', '2017-10-01 00:00:00', '111');
INSERT INTO `salary_history` VALUES ('402', '33', '14500', null, '2017-11-01 00:00:00', '111', '2017-11-01 00:00:00', '111');
INSERT INTO `salary_history` VALUES ('403', '33', '9000', null, '2017-12-01 00:00:00', '111', '2017-12-01 00:00:00', '111');
INSERT INTO `salary_history` VALUES ('404', '34', '4500', null, '2017-01-01 00:00:00', '111', '2017-01-01 00:00:00', '111');
INSERT INTO `salary_history` VALUES ('405', '34', '6000', null, '2017-02-01 00:00:00', '111', '2017-02-01 00:00:00', '111');
INSERT INTO `salary_history` VALUES ('406', '34', '6500', null, '2017-03-01 00:00:00', '111', '2017-03-01 00:00:00', '111');
INSERT INTO `salary_history` VALUES ('407', '34', '9000', null, '2017-04-01 00:00:00', '111', '2017-04-01 00:00:00', '111');
INSERT INTO `salary_history` VALUES ('408', '34', '5500', null, '2017-05-01 00:00:00', '111', '2017-05-01 00:00:00', '111');
INSERT INTO `salary_history` VALUES ('409', '34', '6000', null, '2017-06-01 00:00:00', '111', '2017-06-01 00:00:00', '111');
INSERT INTO `salary_history` VALUES ('410', '34', '8500', null, '2017-07-01 00:00:00', '111', '2017-07-01 00:00:00', '111');
INSERT INTO `salary_history` VALUES ('411', '34', '5000', null, '2017-08-01 00:00:00', '111', '2017-08-01 00:00:00', '111');
INSERT INTO `salary_history` VALUES ('412', '34', '9500', null, '2017-09-01 00:00:00', '111', '2017-09-01 00:00:00', '111');
INSERT INTO `salary_history` VALUES ('413', '34', '11000', null, '2017-10-01 00:00:00', '111', '2017-10-01 00:00:00', '111');
INSERT INTO `salary_history` VALUES ('414', '34', '7500', null, '2017-11-01 00:00:00', '111', '2017-11-01 00:00:00', '111');
INSERT INTO `salary_history` VALUES ('415', '34', '7000', null, '2017-12-01 00:00:00', '111', '2017-12-01 00:00:00', '111');
INSERT INTO `salary_history` VALUES ('418', '1', '10907', null, '2018-05-12 00:49:09', '111', '2018-05-12 00:49:09', '111');
INSERT INTO `salary_history` VALUES ('419', '25', '10922', null, '2018-05-12 00:49:09', '111', '2018-05-12 00:49:09', '111');
INSERT INTO `salary_history` VALUES ('420', '24', '10734', null, '2018-05-12 00:49:09', '111', '2018-05-12 00:49:09', '111');
INSERT INTO `salary_history` VALUES ('421', '21', '10955', null, '2018-05-12 00:49:09', '111', '2018-05-12 00:49:09', '111');
INSERT INTO `salary_history` VALUES ('422', '8', '10610', null, '2018-05-12 00:49:09', '111', '2018-05-12 00:49:09', '111');
INSERT INTO `salary_history` VALUES ('423', '19', '10805', null, '2018-05-12 00:49:09', '111', '2018-05-12 00:49:09', '111');
INSERT INTO `salary_history` VALUES ('424', '10', '10754', null, '2018-05-12 00:49:09', '111', '2018-05-12 00:49:09', '111');
INSERT INTO `salary_history` VALUES ('425', '27', '10933', null, '2018-05-12 00:49:09', '111', '2018-05-12 00:49:09', '111');
INSERT INTO `salary_history` VALUES ('426', '31', '10787', null, '2018-05-12 00:49:09', '111', '2018-05-12 00:49:09', '111');
INSERT INTO `salary_history` VALUES ('427', '33', '10911', null, '2018-05-12 00:49:09', '111', '2018-05-12 00:49:09', '111');
INSERT INTO `salary_history` VALUES ('428', '9', '10614', null, '2018-05-12 00:49:10', '111', '2018-05-12 00:49:10', '111');
INSERT INTO `salary_history` VALUES ('429', '17', '10967', null, '2018-05-12 00:49:10', '111', '2018-05-12 00:49:10', '111');
INSERT INTO `salary_history` VALUES ('430', '20', '10760', null, '2018-05-12 00:49:10', '111', '2018-05-12 00:49:10', '111');
INSERT INTO `salary_history` VALUES ('431', '16', '10857', null, '2018-05-12 00:49:10', '111', '2018-05-12 00:49:10', '111');
INSERT INTO `salary_history` VALUES ('432', '23', '10670', null, '2018-05-12 00:49:10', '111', '2018-05-12 00:49:10', '111');
INSERT INTO `salary_history` VALUES ('433', '14', '10695', null, '2018-05-12 00:49:10', '111', '2018-05-12 00:49:10', '111');
INSERT INTO `salary_history` VALUES ('434', '15', '10516', null, '2018-05-12 00:49:10', '111', '2018-05-12 00:49:10', '111');
INSERT INTO `salary_history` VALUES ('435', '26', '10805', null, '2018-05-12 00:49:10', '111', '2018-05-12 00:49:10', '111');
INSERT INTO `salary_history` VALUES ('436', '11', '10560', null, '2018-05-12 00:49:10', '111', '2018-05-12 00:49:10', '111');
INSERT INTO `salary_history` VALUES ('437', '13', '10769', null, '2018-05-12 00:49:10', '111', '2018-05-12 00:49:10', '111');
INSERT INTO `salary_history` VALUES ('438', '6', '10893', null, '2018-05-12 00:49:10', '111', '2018-05-12 00:49:10', '111');
INSERT INTO `salary_history` VALUES ('439', '12', '10536', null, '2018-05-12 00:49:10', '111', '2018-05-12 00:49:10', '111');
INSERT INTO `salary_history` VALUES ('440', '3', '10800', null, '2018-05-12 00:49:10', '111', '2018-05-12 00:49:10', '111');
INSERT INTO `salary_history` VALUES ('441', '31', '5000', '职位变化更改', '2018-05-12 00:54:42', '胡宇', '2018-05-12 00:54:42', '胡宇');
INSERT INTO `salary_history` VALUES ('442', '31', '5000', '职位变化更改', '2018-05-12 00:54:42', '胡宇', '2018-05-12 00:54:42', '胡宇');
INSERT INTO `salary_history` VALUES ('443', null, '6000', null, '2018-05-12 10:37:59', '胡宇', '2018-05-12 10:37:59', '胡宇');

-- ----------------------------
-- Table structure for sys_permission
-- ----------------------------
DROP TABLE IF EXISTS `sys_permission`;
CREATE TABLE `sys_permission` (
  `id` int(11) NOT NULL AUTO_INCREMENT,
  `parent_id` int(11) DEFAULT NULL COMMENT '父级ID',
  `name` varchar(30) DEFAULT NULL COMMENT '权限名',
  `url` varchar(255) DEFAULT NULL COMMENT '权限URL',
  `order` int(11) DEFAULT NULL COMMENT '排序',
  `permission` varchar(30) DEFAULT NULL COMMENT '权限字符',
  `create_time` datetime DEFAULT NULL,
  `create_user` varchar(30) DEFAULT NULL,
  `update_time` datetime DEFAULT NULL,
  `update_user` varchar(30) DEFAULT NULL,
  PRIMARY KEY (`id`) USING BTREE
) ENGINE=InnoDB AUTO_INCREMENT=24 DEFAULT CHARSET=utf8 ROW_FORMAT=DYNAMIC COMMENT='权限表';

-- ----------------------------
-- Records of sys_permission
-- ----------------------------
INSERT INTO `sys_permission` VALUES ('1', '0', '招聘管理', null, '1', 'invitepost', '2018-04-07 12:36:36', '1001', '2018-04-07 12:36:41', '1001');
INSERT INTO `sys_permission` VALUES ('2', '1', '入职申请', '/invitePost/newApply', '2', 'invitepost:newapply', '2018-04-07 13:12:51', '1001', '2018-04-07 13:12:57', '1001');
INSERT INTO `sys_permission` VALUES ('3', '1', '面试管理', '/invitePost/interview', '3', 'invitepost:interview', '2018-04-07 20:21:03', '1001', '2018-04-07 20:21:07', '1001');
INSERT INTO `sys_permission` VALUES ('4', '1', '职位分配', '/invitePost/allot', '4', 'invitepost:allot', '2018-04-07 20:23:09', '1001', '2018-04-07 20:23:13', '1001');
INSERT INTO `sys_permission` VALUES ('5', '0', '员工管理', null, '1', 'empmanage', '2018-04-07 20:24:01', '1001', '2018-04-07 20:24:04', '1001');
INSERT INTO `sys_permission` VALUES ('6', '5', '员工信息管理', '/emp/detail', '1', 'empmanage:detail', '2018-04-07 20:25:38', '1001', '2018-04-07 20:25:42', '1001');
INSERT INTO `sys_permission` VALUES ('7', '5', '请假管理', '/emp/holiday', '1', 'empmanage:holiday', '2018-04-07 20:27:46', '1001', '2018-04-07 20:27:50', '1001');
INSERT INTO `sys_permission` VALUES ('8', '0', '请假申请', '/emp/holidayApply', '1', 'empmanage:holiday:apply', '2018-04-07 20:30:06', '1001', '2018-04-07 20:30:10', '1001');
INSERT INTO `sys_permission` VALUES ('9', '5', '岗位调度', '/emp/adjustment', '1', 'empmanage:adjustment', '2018-04-07 20:31:14', '1001', '2018-04-07 20:31:18', '1001');
INSERT INTO `sys_permission` VALUES ('10', '5', '培训管理', '/emp/train', '1', 'empmanage:train', '2018-04-07 20:32:01', '1001', '2018-04-07 20:32:05', '1001');
INSERT INTO `sys_permission` VALUES ('11', '0', '工资管理', null, '1', 'salary', '2018-04-07 20:32:52', '1001', '2018-04-07 20:32:55', '1001');
INSERT INTO `sys_permission` VALUES ('12', '11', '工资概况', '/salary/base', '1', 'salary:base', '2018-04-07 20:33:40', '1001', '2018-04-07 20:33:44', '1001');
INSERT INTO `sys_permission` VALUES ('13', '11', '奖金', '/salary/bonus', '1', 'salary:bonus', '2018-04-07 20:34:23', '1001', '2018-04-07 20:34:27', '1001');
INSERT INTO `sys_permission` VALUES ('14', '11', '考勤', '/salary/attendance', '1', 'salary:attendance', '2018-04-07 20:35:29', '1001', '2018-04-07 20:35:33', '1001');
INSERT INTO `sys_permission` VALUES ('15', '0', '数据分析', null, '0', 'analyze', '2018-04-07 20:36:28', '1001', '2018-04-07 20:36:32', '1001');
INSERT INTO `sys_permission` VALUES ('16', '15', '入职率、离职率', '/analyze/probability', '1', 'analyze:probability', '2018-04-07 20:37:28', '1001', '2018-04-07 20:37:31', '1001');
INSERT INTO `sys_permission` VALUES ('17', '15', '平均值', '/analyze/average', '1', 'analyze:average', '2018-04-07 20:38:19', '1001', '2018-04-07 20:38:23', '1001');
INSERT INTO `sys_permission` VALUES ('18', '0', '部门管理', null, '2', 'department', '2018-04-07 20:39:10', '1001', '2018-04-07 20:39:13', '1001');
INSERT INTO `sys_permission` VALUES ('19', '18', '部门信息', '/department/detail', '2', 'department:detail', '2018-04-07 20:39:57', '1001', '2018-04-07 20:40:01', '1001');
INSERT INTO `sys_permission` VALUES ('20', '18', '部门调整', '/department/adjustment', '2', 'department:adjustment', '2018-04-07 20:41:13', '1001', '2018-04-07 20:41:16', '1001');
INSERT INTO `sys_permission` VALUES ('21', '0', '考勤查看', '/salary/attendance/view', '1', 'salary:attendance:view', '2018-04-07 20:42:34', '1001', '2018-04-07 20:42:38', '1001');
INSERT INTO `sys_permission` VALUES ('22', '0', '工资查看', '/salary/view', '1', 'salary:view', '2018-04-07 20:43:50', '1001', '2018-04-07 20:43:53', '1001');
INSERT INTO `sys_permission` VALUES ('23', '0', '信息查看', '/emp/view', '1', 'empmanage:view', '2018-04-07 20:45:21', '1001', '2018-04-07 20:45:25', '1001');

-- ----------------------------
-- Table structure for sys_role
-- ----------------------------
DROP TABLE IF EXISTS `sys_role`;
CREATE TABLE `sys_role` (
  `id` bigint(20) NOT NULL AUTO_INCREMENT,
  `role_name` varchar(20) DEFAULT NULL COMMENT '角色名',
  `create_time` datetime DEFAULT NULL,
  `create_user` varchar(30) DEFAULT NULL,
  `update_time` datetime DEFAULT NULL,
  `update_user` varchar(30) DEFAULT NULL,
  PRIMARY KEY (`id`) USING BTREE
) ENGINE=InnoDB AUTO_INCREMENT=5 DEFAULT CHARSET=utf8 ROW_FORMAT=DYNAMIC;

-- ----------------------------
-- Records of sys_role
-- ----------------------------
INSERT INTO `sys_role` VALUES ('1', '超级管理员', '2018-04-07 20:47:50', '1001', '2018-04-07 20:47:54', '1001');
INSERT INTO `sys_role` VALUES ('2', '员工', '2018-04-07 20:48:13', '1001', '2018-04-07 20:48:17', '1001');
INSERT INTO `sys_role` VALUES ('3', '经理', '2018-04-07 20:48:28', '1001', '2018-04-07 20:48:32', '1001');
INSERT INTO `sys_role` VALUES ('4', '人事部', '2018-04-24 21:33:47', '1001', '2018-04-24 21:33:38', '1001');

-- ----------------------------
-- Table structure for sys_role_emp
-- ----------------------------
DROP TABLE IF EXISTS `sys_role_emp`;
CREATE TABLE `sys_role_emp` (
  `id` int(11) NOT NULL AUTO_INCREMENT,
  `emp_id` bigint(20) DEFAULT NULL COMMENT '员工ID',
  `role_id` int(11) DEFAULT NULL COMMENT '角色',
  `create_time` datetime DEFAULT NULL,
  `create_user` varchar(30) DEFAULT NULL,
  `update_time` datetime DEFAULT NULL,
  `update_user` varchar(30) DEFAULT NULL,
  PRIMARY KEY (`id`) USING BTREE
) ENGINE=InnoDB AUTO_INCREMENT=42 DEFAULT CHARSET=utf8 ROW_FORMAT=DYNAMIC;

-- ----------------------------
-- Records of sys_role_emp
-- ----------------------------
INSERT INTO `sys_role_emp` VALUES ('1', '1', '2', '2018-04-07 21:09:37', '1001', '2018-04-07 21:09:37', '1001');
INSERT INTO `sys_role_emp` VALUES ('2', '2', '2', '2018-04-07 21:09:37', '1001', '2018-04-07 21:09:37', '1001');
INSERT INTO `sys_role_emp` VALUES ('3', '3', '2', '2018-04-07 21:09:37', '1001', '2018-04-07 21:09:37', '1001');
INSERT INTO `sys_role_emp` VALUES ('8', '8', '2', '2018-04-07 21:09:37', '1001', '2018-04-07 21:09:37', '1001');
INSERT INTO `sys_role_emp` VALUES ('9', '9', '3', '2018-04-07 21:09:37', '1001', '2018-04-07 21:09:37', '1001');
INSERT INTO `sys_role_emp` VALUES ('10', '10', '2', '2018-04-07 21:09:37', '1001', '2018-04-07 21:09:37', '1001');
INSERT INTO `sys_role_emp` VALUES ('11', '11', '3', '2018-04-07 21:09:37', '1001', '2018-04-07 21:09:37', '1001');
INSERT INTO `sys_role_emp` VALUES ('12', '12', '3', '2018-04-07 21:09:37', '1001', '2018-04-07 21:09:37', '1001');
INSERT INTO `sys_role_emp` VALUES ('13', '13', '3', '2018-04-07 21:09:37', '1001', '2018-04-07 21:09:37', '1001');
INSERT INTO `sys_role_emp` VALUES ('16', '16', '3', '2018-04-07 21:09:37', '1001', '2018-04-07 21:09:37', '1001');
INSERT INTO `sys_role_emp` VALUES ('19', '19', '3', '2018-04-07 21:09:37', '1001', '2018-04-07 21:09:37', '1001');
INSERT INTO `sys_role_emp` VALUES ('20', '20', '3', '2018-04-07 21:09:37', '1001', '2018-04-07 21:09:37', '1001');
INSERT INTO `sys_role_emp` VALUES ('23', '23', '4', '2018-04-07 21:09:37', '1001', '2018-04-07 21:09:37', '1001');
INSERT INTO `sys_role_emp` VALUES ('24', '24', '3', '2018-04-07 21:09:37', '1001', '2018-04-07 21:09:37', '1001');
INSERT INTO `sys_role_emp` VALUES ('25', '25', '3', '2018-04-07 21:09:37', '1001', '2018-04-07 21:09:37', '1001');
INSERT INTO `sys_role_emp` VALUES ('26', '26', '3', '2018-04-07 21:09:37', '1001', '2018-04-07 21:09:37', '1001');
INSERT INTO `sys_role_emp` VALUES ('28', '28', '3', '2018-04-07 21:09:37', '1001', '2018-04-07 21:09:37', '1001');
INSERT INTO `sys_role_emp` VALUES ('29', '33', '2', '2018-05-02 13:47:01', '111', '2018-05-02 13:47:05', '111');
INSERT INTO `sys_role_emp` VALUES ('30', '36', '2', '2018-05-07 19:59:37', '1001', '2018-05-07 19:59:37', '1001');
INSERT INTO `sys_role_emp` VALUES ('31', '37', '2', '2018-05-10 13:45:43', '1001', '2018-05-10 13:45:43', '1001');
INSERT INTO `sys_role_emp` VALUES ('32', '38', '2', '2018-05-12 10:24:19', '1001', '2018-05-12 10:24:19', '1001');
INSERT INTO `sys_role_emp` VALUES ('33', '39', '2', '2018-05-12 10:54:40', '1001', '2018-05-12 10:54:40', '1001');
INSERT INTO `sys_role_emp` VALUES ('34', '35', '2', '2018-05-12 11:13:23', '1001', '2018-05-12 11:13:23', '1001');
INSERT INTO `sys_role_emp` VALUES ('35', '18', '2', '2018-05-12 11:13:27', '1001', '2018-05-12 11:13:27', '1001');
INSERT INTO `sys_role_emp` VALUES ('36', '22', '2', '2018-05-12 11:13:31', '1001', '2018-05-12 11:13:31', '1001');
INSERT INTO `sys_role_emp` VALUES ('37', '30', '2', '2018-05-12 11:13:35', '1001', '2018-05-12 11:13:35', '1001');
INSERT INTO `sys_role_emp` VALUES ('38', '28', '2', '2018-05-12 11:13:39', '1001', '2018-05-12 11:13:39', '1001');
INSERT INTO `sys_role_emp` VALUES ('39', '34', '2', '2018-05-12 11:13:43', '1001', '2018-05-12 11:13:43', '1001');
INSERT INTO `sys_role_emp` VALUES ('40', '32', '2', '2018-05-12 11:13:50', '1001', '2018-05-12 11:13:50', '1001');
INSERT INTO `sys_role_emp` VALUES ('41', '40', '1', '2018-05-12 11:17:58', '111', '2018-05-12 11:18:02', '111');

-- ----------------------------
-- Table structure for sys_role_permission
-- ----------------------------
DROP TABLE IF EXISTS `sys_role_permission`;
CREATE TABLE `sys_role_permission` (
  `id` int(11) NOT NULL AUTO_INCREMENT,
  `role_id` bigint(20) DEFAULT NULL COMMENT '角色ID',
  `permission_id` int(11) DEFAULT NULL COMMENT '权限ID',
  `create_time` datetime DEFAULT NULL,
  `create_user` varchar(30) DEFAULT NULL,
  `update_time` datetime DEFAULT NULL,
  `update_user` varchar(30) DEFAULT NULL,
  PRIMARY KEY (`id`) USING BTREE
) ENGINE=InnoDB AUTO_INCREMENT=65 DEFAULT CHARSET=utf8 ROW_FORMAT=DYNAMIC COMMENT='角色-权限表';

-- ----------------------------
-- Records of sys_role_permission
-- ----------------------------
INSERT INTO `sys_role_permission` VALUES ('5', '1', '5', '2018-04-07 20:56:08', '1001', '2018-04-07 20:56:08', '1001');
INSERT INTO `sys_role_permission` VALUES ('8', '1', '9', '2018-04-07 20:56:08', '1001', '2018-04-07 20:56:08', '1001');
INSERT INTO `sys_role_permission` VALUES ('20', '2', '8', '2018-04-07 20:58:27', '1001', '2018-04-07 20:58:35', '1001');
INSERT INTO `sys_role_permission` VALUES ('21', '2', '21', '2018-04-07 20:58:30', '1001', '2018-04-07 20:58:40', '1001');
INSERT INTO `sys_role_permission` VALUES ('22', '2', '22', '2018-04-07 20:58:44', '1001', '2018-04-07 20:58:49', '1001');
INSERT INTO `sys_role_permission` VALUES ('23', '2', '23', '2018-04-07 20:58:47', '1001', '2018-04-07 20:58:52', '1001');
INSERT INTO `sys_role_permission` VALUES ('24', '3', '1', '2018-04-24 21:35:48', '111', '2018-04-24 21:35:53', '111');
INSERT INTO `sys_role_permission` VALUES ('25', '3', '3', '2018-04-24 21:36:17', '111', '2018-04-24 21:36:20', '111');
INSERT INTO `sys_role_permission` VALUES ('26', '3', '5', '2018-04-24 21:38:54', '333', '2018-04-24 21:38:57', '333');
INSERT INTO `sys_role_permission` VALUES ('27', '3', '6', '2018-04-24 21:39:06', '333', '2018-04-24 21:39:09', '333');
INSERT INTO `sys_role_permission` VALUES ('28', '3', '7', '2018-04-24 21:39:16', '555', '2018-04-24 21:39:19', '555');
INSERT INTO `sys_role_permission` VALUES ('30', '3', '9', '2018-04-24 21:39:36', '777', '2018-04-24 21:39:39', '666');
INSERT INTO `sys_role_permission` VALUES ('39', '3', '18', null, null, null, null);
INSERT INTO `sys_role_permission` VALUES ('40', '3', '19', null, null, null, null);
INSERT INTO `sys_role_permission` VALUES ('42', '4', '1', null, null, null, null);
INSERT INTO `sys_role_permission` VALUES ('43', '4', '2', null, null, null, null);
INSERT INTO `sys_role_permission` VALUES ('44', '4', '3', '2018-04-24 21:55:02', '111', '2018-04-24 21:55:02', '111');
INSERT INTO `sys_role_permission` VALUES ('45', '4', '4', '2018-04-24 21:55:02', '111', '2018-04-24 21:55:02', '111');
INSERT INTO `sys_role_permission` VALUES ('46', '4', '5', '2018-04-24 21:55:02', '111', '2018-04-24 21:55:02', '111');
INSERT INTO `sys_role_permission` VALUES ('47', '4', '6', '2018-04-24 21:55:02', '111', '2018-04-24 21:55:02', '111');
INSERT INTO `sys_role_permission` VALUES ('48', '4', '7', '2018-04-24 21:55:02', '111', '2018-04-24 21:55:02', '111');
INSERT INTO `sys_role_permission` VALUES ('50', '4', '9', '2018-04-24 21:55:02', '111', '2018-04-24 21:55:02', '111');
INSERT INTO `sys_role_permission` VALUES ('51', '4', '10', '2018-04-24 21:55:02', '111', '2018-04-24 21:55:02', '111');
INSERT INTO `sys_role_permission` VALUES ('52', '4', '11', '2018-04-24 21:55:02', '111', '2018-04-24 21:55:02', '111');
INSERT INTO `sys_role_permission` VALUES ('53', '4', '12', '2018-04-24 21:55:02', '111', '2018-04-24 21:55:02', '111');
INSERT INTO `sys_role_permission` VALUES ('54', '4', '13', '2018-04-24 21:55:02', '111', '2018-04-24 21:55:02', '111');
INSERT INTO `sys_role_permission` VALUES ('55', '4', '14', '2018-04-24 21:55:02', '111', '2018-04-24 21:55:02', '111');
INSERT INTO `sys_role_permission` VALUES ('56', '4', '15', '2018-04-24 21:55:02', '111', '2018-04-24 21:55:02', '111');
INSERT INTO `sys_role_permission` VALUES ('57', '4', '16', '2018-04-24 21:55:02', '111', '2018-04-24 21:55:02', '111');
INSERT INTO `sys_role_permission` VALUES ('58', '4', '17', '2018-04-24 21:55:02', '111', '2018-04-24 21:55:02', '111');
INSERT INTO `sys_role_permission` VALUES ('59', '4', '18', '2018-04-24 21:55:02', '111', '2018-04-24 21:55:02', '111');
INSERT INTO `sys_role_permission` VALUES ('60', '4', '19', '2018-04-24 21:55:02', '111', '2018-04-24 21:55:02', '111');
INSERT INTO `sys_role_permission` VALUES ('61', '4', '20', '2018-04-24 21:55:02', '111', '2018-04-24 21:55:02', '111');
INSERT INTO `sys_role_permission` VALUES ('62', '1', '15', null, null, null, null);
INSERT INTO `sys_role_permission` VALUES ('63', '1', '16', null, null, null, null);
INSERT INTO `sys_role_permission` VALUES ('64', '1', '17', null, null, null, null);

-- ----------------------------
-- Table structure for train
-- ----------------------------
DROP TABLE IF EXISTS `train`;
CREATE TABLE `train` (
  `id` bigint(11) NOT NULL AUTO_INCREMENT,
  `title` varchar(100) DEFAULT NULL COMMENT '标题',
  `text` varchar(255) DEFAULT NULL COMMENT '内容',
  `start_time` datetime DEFAULT NULL COMMENT '开始时间',
  `end_time` datetime DEFAULT NULL COMMENT '结束时间',
  `publisher` bigint(20) DEFAULT NULL COMMENT '发布者',
  `create_time` datetime DEFAULT NULL,
  `create_user` varchar(30) DEFAULT NULL,
  `update_time` datetime DEFAULT NULL,
  `update_user` varchar(30) DEFAULT NULL,
  PRIMARY KEY (`id`) USING BTREE
) ENGINE=InnoDB AUTO_INCREMENT=10 DEFAULT CHARSET=utf8 ROW_FORMAT=DYNAMIC COMMENT='培训表';

-- ----------------------------
-- Records of train
-- ----------------------------
INSERT INTO `train` VALUES ('3', '新技能培训', '一起get新技能', '2018-05-01 00:00:00', '2018-05-31 00:00:00', '12', '2018-05-02 20:39:29', '王宏', '2018-05-02 23:14:02', '王宏');
INSERT INTO `train` VALUES ('5', '车间操作技能培训', '为了适应新设备的使用，本部门所有员工将参加为期一个月的技能培训，望认真完成！', '2018-05-01 00:00:00', '2018-05-31 00:00:00', '12', '2018-05-02 23:16:32', '王宏', '2018-05-10 21:22:22', '胡宇');
INSERT INTO `train` VALUES ('6', '新技能大培', '为了适应祖国的需要', '2018-05-01 00:00:00', '2018-05-15 00:00:00', '12', '2018-05-03 08:56:13', '王宏', '2018-05-10 21:22:40', '胡宇');
INSERT INTO `train` VALUES ('7', 'erwr', 'wer', '2018-05-01 00:00:00', '2018-05-31 00:00:00', '12', '2018-05-07 12:43:04', '王宏', '2018-05-07 12:43:04', '王宏');
INSERT INTO `train` VALUES ('9', '新的培训', '新的技能培训', '2018-05-01 00:00:00', '2018-05-31 00:00:00', '13', '2018-05-10 21:21:15', '胡宇', '2018-05-10 21:21:15', '胡宇');

-- ----------------------------
-- Table structure for train_emp
-- ----------------------------
DROP TABLE IF EXISTS `train_emp`;
CREATE TABLE `train_emp` (
  `emp_id` bigint(20) NOT NULL COMMENT '员工ID',
  `train_id` bigint(20) NOT NULL COMMENT '培训ID',
  `status` char(2) DEFAULT NULL COMMENT '状态',
  `text` varchar(255) DEFAULT NULL COMMENT '备注',
  `approver` bigint(20) DEFAULT NULL COMMENT '审批人',
  `create_time` datetime DEFAULT NULL,
  `create_user` varchar(30) DEFAULT NULL,
  `update_time` datetime DEFAULT NULL,
  `update_user` varchar(30) DEFAULT NULL,
  PRIMARY KEY (`emp_id`,`train_id`) USING BTREE
) ENGINE=InnoDB DEFAULT CHARSET=utf8 ROW_FORMAT=DYNAMIC COMMENT='培训--员工表';

-- ----------------------------
-- Records of train_emp
-- ----------------------------
INSERT INTO `train_emp` VALUES ('1', '3', '0', null, '12', '2018-05-02 23:14:03', '王宏', '2018-05-02 23:14:03', '王宏');
INSERT INTO `train_emp` VALUES ('1', '5', '0', null, '23', '2018-05-10 21:22:22', '胡宇', '2018-05-10 21:22:22', '胡宇');
INSERT INTO `train_emp` VALUES ('1', '6', '0', null, '23', '2018-05-10 21:22:40', '胡宇', '2018-05-10 21:22:40', '胡宇');
INSERT INTO `train_emp` VALUES ('1', '7', '0', null, '12', '2018-05-07 12:43:04', '王宏', '2018-05-07 12:43:04', '王宏');
INSERT INTO `train_emp` VALUES ('2', '3', '0', null, '12', '2018-05-02 23:14:03', '王宏', '2018-05-02 23:14:03', '王宏');
INSERT INTO `train_emp` VALUES ('2', '5', '0', null, '23', '2018-05-10 21:22:22', '胡宇', '2018-05-10 21:22:22', '胡宇');
INSERT INTO `train_emp` VALUES ('2', '6', '0', null, '23', '2018-05-10 21:22:40', '胡宇', '2018-05-10 21:22:40', '胡宇');
INSERT INTO `train_emp` VALUES ('2', '7', '0', null, '12', '2018-05-07 12:43:04', '王宏', '2018-05-07 12:43:04', '王宏');
INSERT INTO `train_emp` VALUES ('3', '3', '0', null, '12', '2018-05-02 23:14:03', '王宏', '2018-05-02 23:14:03', '王宏');
INSERT INTO `train_emp` VALUES ('3', '5', '0', null, '23', '2018-05-10 21:22:22', '胡宇', '2018-05-10 21:22:22', '胡宇');
INSERT INTO `train_emp` VALUES ('3', '6', '0', null, '23', '2018-05-10 21:22:40', '胡宇', '2018-05-10 21:22:40', '胡宇');
INSERT INTO `train_emp` VALUES ('3', '7', '0', null, '12', '2018-05-07 12:43:04', '王宏', '2018-05-07 12:43:04', '王宏');
INSERT INTO `train_emp` VALUES ('6', '3', '0', null, '12', '2018-05-02 23:14:03', '王宏', '2018-05-02 23:14:03', '王宏');
INSERT INTO `train_emp` VALUES ('6', '6', '0', null, '23', '2018-05-10 21:22:40', '胡宇', '2018-05-10 21:22:40', '胡宇');
INSERT INTO `train_emp` VALUES ('6', '7', '0', null, '12', '2018-05-07 12:43:04', '王宏', '2018-05-07 12:43:04', '王宏');
INSERT INTO `train_emp` VALUES ('8', '3', '0', null, '12', '2018-05-02 23:14:03', '王宏', '2018-05-02 23:14:03', '王宏');
INSERT INTO `train_emp` VALUES ('8', '6', '0', null, '23', '2018-05-10 21:22:40', '胡宇', '2018-05-10 21:22:40', '胡宇');
INSERT INTO `train_emp` VALUES ('8', '7', '0', null, '12', '2018-05-07 12:43:04', '王宏', '2018-05-07 12:43:04', '王宏');
INSERT INTO `train_emp` VALUES ('10', '3', '0', null, '12', '2018-05-02 23:14:03', '王宏', '2018-05-02 23:14:03', '王宏');
INSERT INTO `train_emp` VALUES ('10', '6', '0', null, '23', '2018-05-10 21:22:40', '胡宇', '2018-05-10 21:22:40', '胡宇');
INSERT INTO `train_emp` VALUES ('10', '7', '0', null, '12', '2018-05-07 12:43:04', '王宏', '2018-05-07 12:43:04', '王宏');
INSERT INTO `train_emp` VALUES ('12', '7', '0', null, '12', '2018-05-07 12:43:04', '王宏', '2018-05-07 12:43:04', '王宏');
INSERT INTO `train_emp` VALUES ('13', '8', '0', null, '23', '2018-05-10 21:10:32', '胡宇', '2018-05-10 21:10:32', '胡宇');
INSERT INTO `train_emp` VALUES ('13', '9', '0', null, '23', '2018-05-10 21:21:15', '胡宇', '2018-05-10 21:21:15', '胡宇');
INSERT INTO `train_emp` VALUES ('14', '7', '0', null, '12', '2018-05-07 12:43:04', '王宏', '2018-05-07 12:43:04', '王宏');
INSERT INTO `train_emp` VALUES ('15', '7', '0', null, '12', '2018-05-07 12:43:04', '王宏', '2018-05-07 12:43:04', '王宏');
INSERT INTO `train_emp` VALUES ('15', '8', '0', null, '23', '2018-05-10 21:10:32', '胡宇', '2018-05-10 21:10:32', '胡宇');
INSERT INTO `train_emp` VALUES ('15', '9', '0', null, '23', '2018-05-10 21:21:15', '胡宇', '2018-05-10 21:21:15', '胡宇');
INSERT INTO `train_emp` VALUES ('17', '7', '0', null, '12', '2018-05-07 12:43:04', '王宏', '2018-05-07 12:43:04', '王宏');
INSERT INTO `train_emp` VALUES ('21', '7', '0', null, '12', '2018-05-07 12:43:04', '王宏', '2018-05-07 12:43:04', '王宏');
INSERT INTO `train_emp` VALUES ('27', '7', '0', null, '12', '2018-05-07 12:43:04', '王宏', '2018-05-07 12:43:04', '王宏');
INSERT INTO `train_emp` VALUES ('31', '7', '0', null, '12', '2018-05-07 12:43:04', '王宏', '2018-05-07 12:43:04', '王宏');
INSERT INTO `train_emp` VALUES ('33', '7', '0', null, '12', '2018-05-07 12:43:04', '王宏', '2018-05-07 12:43:04', '王宏');
INSERT INTO `train_emp` VALUES ('36', '7', '0', null, '12', '2018-05-07 12:43:04', '王宏', '2018-05-07 12:43:04', '王宏');

-- ----------------------------
-- Table structure for vacate
-- ----------------------------
DROP TABLE IF EXISTS `vacate`;
CREATE TABLE `vacate` (
  `id` bigint(11) NOT NULL AUTO_INCREMENT,
  `text` varchar(300) DEFAULT NULL COMMENT '请假内容',
  `emp_id` bigint(11) DEFAULT NULL COMMENT '请假者',
  `begin_time` datetime DEFAULT NULL COMMENT '开始时间',
  `end_time` datetime DEFAULT NULL COMMENT '结束时间',
  `up_time` datetime DEFAULT NULL COMMENT '提交时间',
  `deal_time` datetime DEFAULT NULL COMMENT '处理时间',
  `status` char(2) DEFAULT NULL COMMENT '申请状态',
  `department_id` bigint(20) DEFAULT NULL,
  `approve_id` bigint(11) DEFAULT NULL COMMENT '审批人',
  `create_time` datetime DEFAULT NULL,
  `create_user` varchar(30) DEFAULT NULL,
  `update_time` datetime DEFAULT NULL,
  `update_user` varchar(30) DEFAULT NULL,
  PRIMARY KEY (`id`) USING BTREE
) ENGINE=InnoDB AUTO_INCREMENT=9 DEFAULT CHARSET=utf8 ROW_FORMAT=DYNAMIC COMMENT='请假表';

-- ----------------------------
-- Records of vacate
-- ----------------------------
INSERT INTO `vacate` VALUES ('1', '生病了，我要请假！！！', '8', '2018-04-27 00:00:00', '2018-04-30 00:00:00', '2018-04-27 21:55:05', '2018-05-06 14:15:38', '1', '12', '12', '2018-04-27 21:55:05', '张静', '2018-05-06 14:15:38', '王宏');
INSERT INTO `vacate` VALUES ('2', '我就是要请假！！！', '3', '2018-04-27 00:00:00', '2018-04-30 00:00:00', '2018-04-27 22:01:21', '2018-04-28 14:37:59', '2', '12', '12', '2018-04-27 22:01:21', '赵力', '2018-04-28 14:37:59', '王宏');
INSERT INTO `vacate` VALUES ('3', '我也要请假！！！', '2', '2018-04-27 00:00:00', '2018-04-30 00:00:00', '2018-04-27 22:04:35', '2018-05-01 18:25:45', '2', '12', '12', '2018-04-27 22:04:35', '李勤', '2018-05-01 18:25:45', '王宏');
INSERT INTO `vacate` VALUES ('4', '我又生病了，给我请假吧', '8', '2018-04-28 00:00:00', '2018-05-01 00:00:00', '2018-04-28 15:14:44', '2018-04-28 15:15:40', '1', '12', '12', '2018-04-28 15:14:44', '张静', '2018-04-28 15:15:40', '王宏');
INSERT INTO `vacate` VALUES ('5', '哎呀，我生病了啦，我要请假', '8', '2018-05-07 00:00:00', '2018-05-11 00:00:00', '2018-05-06 16:09:18', '2018-05-12 10:28:32', '1', '12', '23', '2018-05-06 16:09:18', '张静', '2018-05-12 10:28:32', '胡宇');
INSERT INTO `vacate` VALUES ('6', 'qewrqewrqewr', '8', '2018-05-07 00:00:00', '2018-05-11 00:00:00', '2018-05-07 12:00:39', '2018-05-07 12:01:10', '1', '12', '12', '2018-05-07 12:00:39', '张静', '2018-05-07 12:01:10', '王宏');
INSERT INTO `vacate` VALUES ('7', '我生病了，需要请假', '39', '2018-05-12 00:00:00', '2018-05-18 00:00:00', '2018-05-12 11:04:43', '2018-05-12 11:05:35', '1', '20', '23', '2018-05-12 11:04:43', '快乐', '2018-05-12 11:05:35', '胡宇');
INSERT INTO `vacate` VALUES ('8', '有事请假2天', '8', '2018-05-12 00:00:00', '2018-05-15 00:00:00', '2018-05-12 11:35:37', null, '0', '12', null, '2018-05-12 11:35:37', '张静', '2018-05-12 11:35:37', '张静');

-- ----------------------------
-- Table structure for week_day
-- ----------------------------
DROP TABLE IF EXISTS `week_day`;
CREATE TABLE `week_day` (
  `id` int(11) NOT NULL AUTO_INCREMENT,
  `day` varchar(50) DEFAULT NULL,
  PRIMARY KEY (`id`) USING BTREE
) ENGINE=InnoDB AUTO_INCREMENT=2 DEFAULT CHARSET=utf8 ROW_FORMAT=DYNAMIC;

-- ----------------------------
-- Records of week_day
-- ----------------------------
INSERT INTO `week_day` VALUES ('1', '1,2,3,4,5');
